,year,month,weeknum,weekday,freq_complian,freq_motor
0,2006,11,46,3,1582,
1,2011,1,1,1,1214,
2,2012,1,1,6,1376,
3,2007,5,21,5,1584,
4,2012,10,42,4,1543,630
5,2013,6,26,5,1473,608
6,2011,11,48,2,1503,
7,2006,12,50,6,1254,
8,2006,6,25,1,1602,
9,2012,11,45,4,1048,550
10,2012,3,10,1,1339,
11,2006,9,39,2,1749,
12,2012,1,2,1,1336,
13,2013,12,50,3,1360,605
14,2006,12,50,2,1686,
15,2006,10,40,2,1718,
16,2009,3,14,2,1592,
17,2010,10,42,2,1562,
18,2012,4,17,3,1631,
19,2014,11,48,5,1166,444
20,2014,5,21,4,1491,593
21,2006,9,36,3,1581,
22,2013,4,15,2,1508,613
23,2010,12,49,1,1277,
24,2014,2,6,6,1230,424
25,2013,2,8,5,1383,531
26,2009,12,53,4,1094,
27,2015,2,9,2,1094,580
28,2015,8,33,2,1354,601
29,2014,1,3,6,1381,448
30,2007,8,35,4,1604,
31,2014,5,20,7,1373,507
32,2015,9,37,5,1435,765
33,2012,6,23,5,1511,
34,2009,9,39,3,1622,
35,2011,12,49,4,1361,
36,2009,6,24,7,1230,
37,2013,10,40,5,1598,658
38,2011,1,3,5,1420,
39,2008,3,13,6,1370,
40,2012,10,43,7,1128,403
41,2008,9,37,6,1467,
42,2014,2,9,3,1250,511
43,2015,10,42,5,1522,676
44,2015,8,34,3,1561,594
45,2008,1,4,1,1183,
46,2006,4,15,3,1719,
47,2012,10,41,1,1226,376
48,2006,4,17,3,1546,
49,2013,3,13,5,1298,520
50,2007,2,6,7,1137,
51,2008,11,46,1,1435,
52,2008,6,23,1,1600,
53,2015,12,52,3,1210,805
54,2008,9,38,1,1578,
55,2007,7,28,2,1522,
56,2013,7,29,3,1512,609
57,2010,12,51,5,981,
58,2015,2,6,1,893,680
59,2007,5,21,1,1616,
60,2006,10,41,1,1488,
61,2013,1,3,5,1361,561
62,2008,3,10,3,1566,
63,2010,7,30,5,1562,
64,2010,1,3,6,1436,
65,2012,4,15,5,1434,
66,2008,4,15,7,1351,
67,2009,5,20,2,1672,
68,2014,8,33,1,1490,604
69,2009,4,14,3,1563,
70,2011,10,42,7,1248,
71,2006,12,49,5,1377,
72,2010,8,31,1,1449,
73,2009,4,14,7,1163,
74,2013,3,11,5,1349,607
75,2015,7,29,3,1565,608
76,2007,1,3,7,1130,
77,2011,8,33,2,1548,
78,2011,6,22,5,1536,
79,2012,9,36,5,1486,680
80,2015,9,38,4,1448,744
81,2009,5,19,1,1279,
82,2009,11,48,4,757,
83,2014,4,17,1,1277,521
84,2011,12,48,7,1135,
85,2009,11,45,5,1416,
86,2006,6,24,6,1376,
87,2015,1,3,5,1282,563
88,2008,3,12,5,1447,
89,2012,8,33,3,1404,602
90,2007,12,50,7,1046,
91,2009,4,16,3,1305,
92,2012,1,3,2,1439,
93,2013,8,32,7,1380,481
94,2010,7,28,1,1466,
95,2015,2,7,2,1197,571
96,2010,12,50,2,1300,
97,2015,4,14,3,1406,648
98,2007,5,20,2,1747,
99,2012,12,49,5,1310,714
100,2012,1,3,6,1108,
101,2011,10,44,1,1321,
102,2007,7,30,4,1615,
103,2013,7,30,2,1473,571
104,2010,5,21,6,1376,
105,2014,8,35,5,1481,631
106,2013,1,2,2,1425,513
107,2013,2,9,2,1352,537
108,2006,12,51,1,1507,
109,2015,11,48,6,1200,508
110,2007,3,11,7,1133,
111,2006,7,28,7,1265,
112,2008,12,1,1,1365,
113,2009,5,21,5,1512,
114,2013,10,41,2,1511,574
115,2014,11,47,4,1360,634
116,2013,11,45,5,1437,682
117,2008,3,14,1,1378,
118,2015,10,43,2,1412,714
119,2009,9,36,6,1431,
120,2015,11,47,3,1398,628
121,2011,8,32,1,1382,
122,2015,9,39,5,1277,585
123,2013,11,48,2,1319,867
124,2013,10,42,3,1410,548
125,2009,11,46,6,1230,
126,2008,11,47,6,1245,
127,2013,3,12,6,1224,488
128,2008,9,39,2,1577,
129,2012,8,34,2,1575,482
130,2008,10,43,7,1231,
131,2009,8,34,7,1315,
132,2008,8,35,3,1574,
133,2013,12,50,7,1013,450
134,2010,12,50,6,1308,
135,2015,1,4,6,1059,428
136,2009,8,34,3,1635,
137,2015,3,10,4,1029,829
138,2010,2,7,1,965,
139,2008,6,24,6,1412,
140,2012,12,50,4,1335,545
141,2010,5,20,5,1640,
142,2011,11,47,3,1372,
143,2013,1,1,5,1418,505
144,2015,2,9,6,1122,538
145,2013,8,31,4,1307,643
146,2009,7,27,3,1611,
147,2015,4,17,2,1486,645
148,2010,1,1,2,1451,
149,2012,6,23,1,1312,
150,2009,12,49,4,1504,
151,2008,9,40,1,1574,
152,2009,6,24,3,1544,
153,2009,5,18,6,1428,
154,2009,7,27,7,1300,
155,2014,3,9,6,1292,497
156,2014,4,16,2,1248,452
157,2013,12,52,1,1280,707
158,2013,9,38,4,1525,536
159,2007,4,16,7,1291,
160,2013,2,5,6,1272,534
161,2012,11,47,2,1368,671
162,2013,11,46,4,1519,620
163,2010,5,20,1,1455,
164,2007,9,39,1,1554,
165,2015,6,23,6,1272,598
166,2013,1,4,2,1223,544
167,2007,12,51,4,1505,
168,2009,6,23,4,1333,
169,2010,7,29,6,1362,
170,2008,6,23,5,1649,
171,2012,3,11,6,1325,
172,2014,8,32,6,1340,538
173,2007,5,19,7,1141,
174,2012,12,48,6,1243,480
175,2006,10,41,5,1541,
176,2012,9,39,6,1425,485
177,2013,1,3,1,1366,542
178,2014,12,49,7,1073,493
179,2008,3,10,7,1195,
180,2014,8,34,6,1362,454
181,2008,11,48,3,1446,
182,2010,10,43,5,1649,
183,2012,12,51,5,1310,751
184,2009,10,44,1,1492,
185,2014,6,23,1,1486,643
186,2015,3,11,7,1130,458
187,2011,2,8,7,1188,
188,2015,10,44,5,1307,688
189,2011,1,1,5,1299,
190,2014,2,7,1,1219,677
191,2010,8,31,5,1572,
192,2009,2,8,5,1398,
193,2013,11,44,6,1407,551
194,2015,4,16,1,1333,554
195,2015,2,8,5,1103,621
196,2007,1,3,3,1435,
197,2007,8,34,7,1342,
198,2006,12,52,2,1342,
199,2014,12,52,6,925,405
200,2006,7,27,2,1295,
201,2009,3,10,4,1493,
202,2012,10,40,2,1419,592
203,2009,11,45,1,1529,
204,2007,2,8,7,1153,
205,2013,11,47,5,1479,702
206,2006,1,1,6,1316,
207,2008,3,12,1,1463,
208,2009,2,9,4,1552,
209,2007,7,27,7,1291,
210,2015,11,45,5,1412,616
211,2011,8,34,7,664,
212,2007,5,19,3,1635,
213,2012,9,37,4,1463,632
214,2007,10,44,3,1530,
215,2007,9,36,4,1656,
216,2008,11,45,2,1297,
217,2014,5,22,1,1147,433
218,2010,3,9,4,1556,
219,2009,1,4,6,1329,
220,2012,9,38,1,1436,452
221,2015,6,27,2,1412,622
222,2010,9,35,4,1532,
223,2006,10,42,4,1656,
224,2011,7,27,3,1511,
225,2012,6,22,6,1326,
226,2006,11,44,5,1481,
227,2012,1,4,3,1506,
228,2008,10,44,2,1292,
229,2007,7,29,1,1578,
230,2010,7,30,1,1446,
231,2011,6,23,4,1347,
232,2010,5,18,3,1630,
233,2013,6,25,4,1436,681
234,2006,1,3,4,1638,
235,2010,2,6,2,1306,
236,2010,5,18,7,1109,
237,2007,9,38,2,1594,
238,2013,11,48,6,1176,479
239,2009,3,11,5,1483,
240,2011,3,12,6,1191,
241,2015,5,19,1,1251,640
242,2015,1,2,2,1059,776
243,2007,5,20,6,1280,
244,2012,7,30,7,1260,376
245,2015,12,53,4,1086,527
246,2013,6,26,1,1411,680
247,2013,3,12,2,1240,559
248,2008,9,39,6,1400,
249,2013,12,52,5,1348,476
250,2009,10,40,7,1351,
251,2013,12,1,2,1079,465
252,2006,6,25,5,1683,
253,2007,6,23,6,1314,
254,2008,8,35,7,1249,
255,2015,7,29,7,1212,545
256,2013,1,2,6,1305,475
257,2012,1,2,5,1453,
258,2015,1,4,2,1349,500
259,2006,10,40,6,1407,
260,2007,4,16,3,1675,
261,2012,4,14,2,1533,
262,2013,9,35,7,1328,480
263,2014,9,40,1,1495,566
264,2015,10,44,1,1307,698
265,2006,3,12,1,1531,
266,2012,5,18,3,1556,
267,2006,10,43,5,1523,
268,2015,6,26,1,1471,774
269,2007,3,10,4,1436,
270,2006,5,20,3,1639,
271,2015,6,25,4,1544,615
272,2010,1,1,6,1250,
273,2007,1,2,4,1574,
274,2006,6,23,1,1598,
275,2011,1,2,4,1262,
276,2015,9,37,1,1182,485
277,2013,6,24,5,1398,693
278,2006,1,2,5,1617,
279,2014,11,46,7,1186,429
280,2008,3,13,2,1622,
281,2013,8,33,4,1501,599
282,2015,5,20,4,1442,654
283,2006,11,45,2,1440,
284,2014,3,10,3,1394,491
285,2006,4,17,7,1238,
286,2013,3,13,1,1167,498
287,2011,9,36,4,1360,
288,2009,11,47,1,1500,
289,2012,11,44,7,1032,344
290,2007,2,6,3,1491,
291,2015,12,52,7,1161,518
292,2008,2,5,7,1267,
293,2010,2,5,7,1008,
294,2012,3,9,6,1278,
295,2008,9,38,5,1606,
296,2012,8,35,5,1438,701
297,2012,9,39,2,1556,593
298,2010,12,51,1,1245,
299,2014,12,49,3,1240,569
300,2015,1,5,1,855,484
301,2014,8,34,2,1507,516
302,2012,2,9,3,1365,
303,2006,1,4,3,1619,
304,2008,4,15,3,1565,
305,2012,8,31,5,1560,589
306,2011,2,7,4,1570,
307,2013,4,14,5,1375,582
308,2011,11,44,6,1374,
309,2009,12,52,7,1132,
310,2013,3,10,2,1359,527
311,2014,6,26,4,1449,670
312,2013,2,6,3,1428,566
313,2011,10,42,3,1409,
314,2015,2,8,1,997,402
315,2015,8,32,5,1509,726
316,2007,9,37,7,1351,
317,2011,9,37,7,1161,
318,2007,12,49,2,1457,
319,2008,7,28,3,1586,
320,2015,9,36,2,1524,626
321,2012,7,30,3,1650,612
322,2013,9,39,7,1336,506
323,2011,5,21,3,1594,
324,2009,5,19,5,1620,
325,2006,1,1,2,1395,
326,2008,9,36,1,1238,
327,2006,6,24,2,1648,
328,2013,7,27,5,1535,575
329,2015,9,36,6,1380,540
330,2015,6,24,7,1262,576
331,2010,12,48,6,1298,
332,2008,10,42,4,1646,
333,2006,7,27,6,1381,
334,2011,2,6,3,1338,
335,2009,3,13,3,1594,
336,2008,11,45,6,1410,
337,2015,5,21,7,1191,432
338,2007,6,24,3,1692,
339,2010,10,41,3,1613,
340,2012,12,49,1,1289,620
341,2012,9,38,5,1542,654
342,2010,5,21,2,1646,
343,2014,8,35,1,1372,549
344,2006,12,51,5,1439,
345,2009,8,36,1,1429,
346,2015,7,27,5,1431,549
347,2012,1,4,7,1159,
348,2010,1,2,1,1329,
349,2009,6,25,4,1324,
350,2012,11,46,1,1221,546
351,2006,7,28,3,1555,
352,2010,5,22,1,1184,
353,2006,9,38,5,1577,
354,2011,2,6,7,1146,
355,2015,1,5,5,1159,622
356,2013,11,45,1,1343,658
357,2014,12,49,2,1263,611
358,2007,5,21,4,1614,
359,2012,2,9,2,1466,
360,2013,12,49,1,1389,549
361,2007,10,42,4,1716,
362,2010,9,36,6,1395,
363,2011,4,16,4,1453,
364,2012,1,5,1,1307,
365,2010,3,11,5,1481,
366,2015,7,30,7,1364,551
367,2008,4,15,2,1530,
368,2006,8,32,3,1766,
369,2006,8,32,5,1611,
370,2012,6,25,2,1569,
371,2010,2,8,3,1479,
372,2011,10,42,2,1519,
373,2010,7,30,4,1633,
374,2013,4,16,6,1294,532
375,2006,9,35,5,1501,
376,2009,1,2,1,1413,
377,2010,7,27,7,1188,
378,2013,5,22,5,1335,736
379,2006,1,1,3,1634,
380,2008,2,7,4,1352,
381,2010,3,12,6,1241,
382,2015,7,28,7,1297,521
383,2015,7,28,1,1370,598
384,2009,1,1,4,1223,
385,2006,7,27,7,1297,
386,2010,9,38,6,1407,
387,2008,11,45,7,1257,
388,2009,10,42,2,1626,
389,2010,11,45,3,1593,
390,2012,7,27,3,1291,432
391,2011,3,10,1,1257,
392,2012,11,48,2,1228,583
393,2009,7,30,3,1628,
394,2007,11,46,1,1283,
395,2007,10,41,1,1365,
396,2008,3,9,7,1191,
397,2011,5,19,2,1643,
398,2011,5,19,4,1651,
399,2014,10,40,5,1391,719
400,2014,9,37,1,1389,598
401,2011,3,9,4,1313,
402,2006,7,28,2,1643,
403,2015,8,31,7,1313,549
404,2010,4,13,6,1229,
405,2009,8,31,7,1233,
406,2010,6,25,4,1522,
407,2011,2,6,6,1353,
408,2015,12,53,1,1267,490
409,2012,5,20,4,1658,
410,2012,2,5,4,1535,
411,2011,11,45,4,1541,
412,2014,10,43,6,1479,515
413,2006,5,18,4,1607,
414,2008,8,32,1,1555,
415,2006,4,16,7,1176,
416,2008,8,32,7,1322,
417,2012,7,29,3,1543,558
418,2006,4,16,1,1499,
419,2009,8,33,1,1441,
420,2010,4,16,7,1099,
421,2007,2,7,1,1410,
422,2007,2,7,7,1110,
423,2014,7,28,6,1399,550
424,2015,7,29,2,1392,656
425,2006,3,11,1,1536,
426,2011,4,17,5,1543,
427,2011,4,17,3,1475,
428,2006,10,40,3,1654,
429,2007,10,43,5,1522,
430,2009,8,34,2,1501,
431,2013,6,23,5,1239,791
432,2007,10,43,3,1627,
433,2014,3,12,4,1488,627
434,2010,1,4,4,1353,
435,2006,2,6,3,1547,
436,2008,2,8,5,1121,
437,2014,9,38,4,1558,649
438,2011,6,26,4,1556,
439,2007,10,40,2,1683,
440,2008,8,35,2,1589,
441,2011,10,43,1,1359,
442,2011,10,43,7,992,
443,2008,4,18,1,1244,
444,2007,11,44,5,1494,
445,2013,4,17,5,1394,675
446,2012,7,31,1,1517,529
447,2011,2,5,5,1329,
448,2009,6,24,6,1390,
449,2011,6,23,5,1477,
450,2013,12,50,2,1378,539
451,2010,12,52,1,334,
452,2006,5,19,5,1524,
453,2008,3,13,7,1107,
454,2013,12,52,4,1228,428
455,2011,10,40,4,1445,
456,2007,4,16,2,1613,
457,2012,3,12,4,1555,
458,2014,10,44,5,1385,668
459,2007,4,15,1,1329,
460,2010,3,13,3,1394,
461,2010,12,50,7,1158,
462,2014,10,44,3,1464,555
463,2010,5,17,7,1283,
464,2014,12,50,7,1203,437
465,2006,4,17,2,1579,
466,2012,7,28,6,1496,536
467,2010,9,39,3,1640,
468,2009,10,43,7,1281,
469,2015,9,40,3,1446,634
470,2006,3,10,2,1522,
471,2010,12,51,4,1291,
472,2009,7,29,6,1406,
473,2006,12,50,3,1480,
474,2011,5,18,5,1517,
475,2007,8,33,7,1291,
476,2008,2,8,3,1485,
477,2008,1,1,7,1241,
478,2010,3,11,3,1546,
479,2006,7,29,1,1506,
480,2010,4,15,6,1333,
481,2011,6,25,1,1447,
482,2012,5,21,5,1495,
483,2006,7,29,7,1292,
484,2013,5,19,6,1357,523
485,2012,5,21,3,1638,
486,2015,12,49,3,1326,655
487,2010,6,24,1,1458,
488,2010,6,24,7,1170,
489,2014,10,42,3,1588,575
490,2008,1,2,4,1699,
491,2006,5,19,3,1695,
492,2007,1,3,6,1281,
493,2006,7,30,4,1595,
494,2012,7,30,6,1426,512
495,2015,9,38,5,1599,760
496,2012,5,22,2,1635,
497,2011,12,48,6,1231,
498,2009,11,45,4,1538,
499,2006,6,24,7,1208,
500,2007,4,14,2,1422,
501,2008,3,12,4,1553,
502,2014,7,29,3,1547,551
503,2010,8,32,3,1649,
504,2008,8,34,1,1558,
505,2013,12,51,1,1310,640
506,2014,12,51,2,1315,645
507,2011,7,28,3,1569,
508,2013,12,51,7,1304,505
509,2008,12,51,2,1496,
510,2011,7,28,5,1562,
511,2008,12,51,4,1553,
512,2014,9,39,5,1388,643
513,2008,5,22,6,1283,
514,2014,9,39,3,1466,565
515,2008,4,14,7,1293,
516,2010,3,9,1,1281,
517,2006,8,35,2,1430,
518,2010,5,21,7,1200,
519,2011,4,13,7,1192,
520,2014,8,35,4,1526,618
521,2014,7,27,5,1304,360
522,2008,4,16,5,1511,
523,2013,12,49,7,1139,456
524,2008,4,16,3,1570,
525,2010,11,46,6,1425,
526,2008,2,9,4,1441,
527,2014,5,19,7,1178,584
528,2014,9,36,2,1558,700
529,2014,1,5,1,1248,511
530,2011,6,24,2,1483,
531,2011,3,9,2,1419,
532,2014,4,14,3,1440,519
533,2006,12,48,5,1491,
534,2007,11,45,2,1423,
535,2009,12,51,7,801,
536,2007,4,17,1,1547,
537,2009,4,15,1,1334,
538,2011,10,41,1,1291,
539,2007,4,17,7,1311,
540,2012,3,13,1,1366,
541,2006,8,31,2,1535,
542,2010,5,18,2,1594,
543,2007,11,48,3,1481,
544,2010,7,26,4,1539,
545,2008,5,21,3,1642,
546,2011,7,30,1,1456,
547,2006,8,31,4,1587,
548,2011,12,51,5,1332,
549,2007,11,47,2,1449,
550,2007,6,26,4,1467,
551,2009,8,33,7,1295,
552,2013,9,36,7,1313,500
553,2012,6,24,5,1559,
554,2007,1,4,5,1229,
555,2013,6,23,3,1561,599
556,2008,8,34,7,1306,
557,2006,3,11,7,1158,
558,2007,5,20,7,1297,
559,2010,8,33,6,1326,
560,2011,7,29,4,1527,
561,2013,1,2,3,1469,487
562,2008,3,11,1,1466,
563,2008,3,11,7,1158,
564,2014,3,13,5,1435,530
565,2010,1,4,2,1537,
566,2012,12,50,5,1404,648
567,2011,12,52,6,1118,
568,2014,11,45,7,1241,419
569,2010,5,20,4,1625,
570,2013,5,18,3,1500,576
571,2012,6,24,3,1526,
572,2009,4,15,7,937,
573,2013,8,31,5,1456,626
574,2014,10,41,6,1230,546
575,2014,3,13,3,1387,563
576,2008,4,17,6,1301,
577,2009,2,9,5,1576,
578,2008,1,3,1,1482,
579,2007,1,2,1,1502,
580,2006,7,31,1,1613,
581,2011,2,5,3,1174,
582,2010,6,26,1,1541,
583,2011,10,40,2,1402,
584,2013,11,46,5,1517,617
585,2012,3,12,2,1541,
586,2015,7,31,2,1437,643
587,2014,1,2,4,1400,561
588,2007,2,5,7,1018,
589,2014,12,50,1,1163,578
590,2008,12,50,5,1466,
591,2014,4,15,6,1338,578
592,2006,2,9,2,1460,
593,2008,6,23,4,1612,
594,2013,5,20,3,1547,532
595,2008,5,18,6,1365,
596,2013,9,40,1,1554,605
597,2014,7,27,3,1370,658
598,2013,6,22,6,1242,631
599,2011,4,16,2,1339,
600,2010,2,8,5,788,
601,2012,6,26,1,1386,
602,2008,3,10,2,1497,
603,2014,8,34,7,1386,437
604,2007,10,42,2,1711,
605,2011,5,18,3,1392,
606,2009,2,7,1,1331,
607,2007,3,12,7,1270,
608,2006,2,7,2,1311,
609,2010,11,47,5,1362,
610,2011,4,15,1,1436,
611,2006,2,7,4,1636,
612,2011,2,7,1,1208,
613,2014,1,4,2,930,1161
614,2008,6,25,4,1612,
615,2010,4,14,5,1543,
616,2012,6,25,4,1459,
617,2008,2,6,7,1169,
618,2010,8,31,4,1517,
619,2014,6,26,1,1410,643
620,2006,8,34,1,1677,
621,2015,2,8,4,1127,515
622,2008,1,2,2,1699,
623,2010,5,19,1,1409,
624,2010,5,19,7,1199,
625,2006,7,30,2,1715,
626,2010,7,27,1,1286,
627,2015,12,50,6,1360,578
628,2011,4,15,7,1119,
629,2009,3,10,5,1528,
630,2010,6,22,7,1238,
631,2008,7,30,4,1649,
632,2009,7,27,6,1236,
633,2008,2,7,2,1235,
634,2009,10,41,1,1418,
635,2009,10,41,7,1220,
636,2012,1,3,7,1010,
637,2007,5,19,2,1597,
638,2012,9,37,5,1569,608
639,2014,12,51,4,1315,620
640,2011,1,2,5,1325,
641,2008,7,27,5,1102,
642,2013,5,21,6,1251,514
643,2009,10,42,4,1270,
644,2008,7,27,3,1618,
645,2014,7,30,6,1347,534
646,2012,2,6,1,1345,
647,2014,6,24,5,1421,708
648,2006,10,42,5,1567,
649,2014,6,24,3,1571,576
650,2008,8,33,2,1619,
651,2009,2,6,2,1205,
652,2015,7,27,4,1372,603
653,2008,2,9,2,1429,
654,2012,1,4,2,1608,
655,2011,4,14,2,1459,
656,2007,1,1,6,1365,
657,2009,6,25,1,1468,
658,2015,9,36,3,1499,653
659,2014,4,14,5,1415,622
660,2012,5,20,2,1364,
661,2013,6,25,5,1490,690
662,2006,1,3,5,1592,
663,2011,9,38,7,1294,
664,2011,10,41,7,1191,
665,2015,7,30,1,1444,727
666,2006,5,18,2,1660,
667,2010,8,34,5,1543,
668,2009,1,3,2,1612,
669,2009,8,32,2,1604,
670,2012,7,29,5,1411,604
671,2009,9,37,4,1456,
672,2009,6,26,6,1357,
673,2006,2,8,1,1259,
674,2011,12,51,3,1464,
675,2008,12,49,2,1658,
676,2006,2,8,7,1045,
677,2013,3,12,3,1393,540
678,2011,4,14,4,1569,
679,2008,9,39,7,1290,
680,2011,8,31,1,1459,
681,2008,6,22,7,1244,
682,2006,6,25,4,1742,
683,2008,5,20,6,1359,
684,2015,5,22,7,1196,555
685,2012,1,2,4,1384,
686,2011,7,29,2,1549,
687,2015,1,4,3,1333,495
688,2012,2,8,1,1147,
689,2009,7,28,5,1445,
690,2014,3,12,2,1401,551
691,2010,9,37,5,1503,
692,2006,8,33,4,1599,
693,2010,11,44,6,1374,
694,2006,2,6,5,1474,
695,2008,5,19,5,1360,
696,2006,8,33,2,1670,
697,2014,9,38,2,1465,613
698,2011,6,26,2,1640,
699,2011,3,11,2,1529,
700,2008,5,19,3,1609,
701,2009,1,5,4,1404,
702,2013,5,18,5,1423,686
703,2012,2,7,2,1273,
704,2014,6,25,6,1411,557
705,2010,1,1,7,1108,
706,2010,8,30,7,1310,
707,2008,1,3,7,1221,
708,2009,8,35,1,1509,
709,2011,12,49,1,1400,
710,2009,11,44,7,1405,
711,2009,8,35,7,1295,
712,2015,12,51,5,1325,767
713,2008,2,6,1,1419,
714,2010,3,10,6,1027,
715,2007,11,45,4,1565,
716,2008,8,33,4,1517,
717,2015,3,12,7,1142,432
718,2015,7,31,4,1439,717
719,2006,3,9,7,1160,
720,2007,5,18,7,1270,
721,2009,8,32,4,1552,
722,2010,6,25,2,1553,
723,2008,12,50,3,1571,
724,2011,3,13,4,1387,
725,2011,12,50,6,1270,
726,2007,2,6,2,1328,
727,2012,2,8,7,1131,
728,2015,12,52,6,1122,394
729,2009,10,43,1,1341,
730,2012,3,9,7,1231,
731,2008,9,38,4,1619,
732,2006,3,10,4,1563,
733,2008,10,40,7,1234,
734,2012,9,39,3,1523,404
735,2011,9,38,4,1546,
736,2015,7,30,4,1696,622
737,2011,10,41,4,1423,
738,2012,3,13,4,1453,
739,2010,5,18,1,1372,
740,2007,11,48,4,1461,
741,2010,7,26,7,1149,
742,2013,8,34,3,1479,562
743,2009,6,26,3,1520,
744,2006,10,41,3,1469,
745,2013,1,3,3,1297,578
746,2008,12,49,5,1508,
747,2008,9,39,4,1484,
748,2007,1,4,2,1557,
749,2006,6,25,7,1288,
750,2007,5,20,4,1682,
751,2010,12,50,4,1294,
752,2015,5,22,4,1438,682
753,2011,7,29,1,1390,
754,2010,8,34,6,1309,
755,2009,7,28,6,1348,
756,2012,12,50,6,1303,523
757,2011,12,52,5,1394,
758,2014,11,45,4,1349,652
759,2014,1,5,2,1325,504
760,2009,7,31,5,1468,
761,2010,6,23,3,1386,
762,2012,6,24,6,1343,
763,2014,6,25,3,1569,663
764,2014,10,41,5,1375,541
765,2007,10,40,5,1698,
766,2010,1,1,4,1581,
767,2007,1,2,2,1596,
768,2013,4,17,2,1353,513
769,2008,1,3,4,1543,
770,2015,9,37,3,1490,740
771,2009,8,35,2,1630,
772,2011,12,49,2,1374,
773,2008,2,6,4,1552,
774,2007,4,15,6,1360,
775,2013,11,46,6,1442,612
776,2009,12,50,7,1084,
777,2008,8,33,7,1363,
778,2007,5,18,2,1652,
779,2012,1,52,7,1312,
780,2008,12,50,6,1316,
781,2011,12,50,3,1433,
782,2013,9,37,3,1492,577
783,2013,5,20,4,1532,559
784,2013,3,13,3,1355,441
785,2010,4,16,4,1595,
786,2007,1,5,1,1333,
787,2012,3,9,4,1371,
788,2009,3,10,6,1457,
789,2008,10,40,4,1554,
790,2013,9,36,4,1529,493
791,2011,4,16,1,1364,
792,2014,12,49,1,1349,644
793,2013,12,49,4,1511,573
794,2014,8,34,4,1513,567
795,2012,2,9,1,1358,
796,2007,10,42,1,1501,
797,2010,4,15,5,1521,
798,2009,2,7,2,1467,
799,2006,5,22,3,1631,
800,2014,9,37,6,1282,558
801,2010,11,47,6,1292,
802,2012,1,5,2,1543,
803,2011,6,25,6,1443,
804,2011,4,15,4,1609,
805,2008,6,25,7,1275,
806,2014,11,44,7,1101,532
807,2014,6,26,2,1471,632
808,2011,8,31,2,1495,
809,2015,1,5,3,1153,458
810,2015,2,8,7,945,519
811,2014,10,42,4,1519,602
812,2013,4,16,5,1425,570
813,2006,9,35,6,1109,
814,2009,1,2,2,1481,
815,2010,7,27,4,1544,
816,2009,8,34,1,1555,
817,2012,6,25,1,1488,
818,2008,2,7,7,1114,
819,2010,6,24,4,1591,
820,2007,4,14,5,1329,
821,2008,5,21,4,1539,
822,2011,10,42,1,1357,
823,2006,3,11,4,1537,
824,2006,7,27,4,1609,
825,2011,10,39,6,1253,
826,2008,11,45,4,1495,
827,2009,10,42,7,1123,
828,2015,3,13,7,1103,505
829,2010,11,45,4,1423,
830,2012,12,49,3,1429,514
831,2006,2,5,5,1536,
832,2008,5,22,1,1164,
833,2012,9,38,3,1518,612
834,2006,8,34,2,1615,
835,2010,4,14,2,1475,
836,2007,9,35,7,1281,
837,2012,11,48,1,1314,563
838,2006,10,42,6,1367,
839,2012,2,6,2,1459,
840,2014,12,1,3,875,460
841,2014,2,5,7,1237,417
842,2007,3,13,3,1624,
843,2011,5,19,1,1467,
844,2010,11,46,1,1444,
845,2007,5,21,7,1173,
846,2012,1,4,1,1425,
847,2007,8,32,3,1565,
848,2014,9,36,5,1527,647
849,2011,6,24,5,1445,
850,2012,5,20,1,1370,
851,2010,4,13,5,1358,
852,2010,6,25,7,1220,
853,2010,10,39,7,1246,
854,2013,11,45,3,1458,635
855,2014,10,43,5,1511,669
856,2006,5,18,1,1637,
857,2013,11,48,4,781,429
858,2009,1,3,1,1290,
859,2009,9,37,7,1299,
860,2008,12,49,1,1449,
861,2011,7,30,6,1339,
862,2013,6,26,3,1561,621
863,2007,6,26,3,1608,
864,2007,2,7,2,1478,
865,2008,5,20,5,1418,
866,2015,7,29,1,1489,667
867,2011,4,17,6,1272,
868,2012,1,2,7,957,
869,2012,7,30,5,1494,637
870,2012,2,8,2,1298,
871,2009,7,28,2,1516,
872,2014,3,12,1,1255,519
873,2010,9,37,6,1438,
874,2010,11,44,5,1531,
875,2006,2,6,6,1284,
876,2014,9,38,1,1491,609
877,2012,5,22,1,1090,
878,2008,4,14,2,1583,
879,2011,3,11,1,1381,
880,2010,4,15,1,1428,
881,2007,11,47,1,1368,
882,2007,10,40,1,1658,
883,2011,10,43,2,1474,
884,2011,6,26,1,1477,
885,2014,8,31,7,1280,476
886,2006,8,35,1,1535,
887,2009,11,45,7,1278,
888,2012,7,31,2,1540,540
889,2011,6,23,6,1287,
890,2010,8,35,1,1445,
891,2015,12,51,6,1262,624
892,2008,3,13,4,1630,
893,2007,10,43,6,1285,
894,2009,12,50,3,1368,
895,2010,5,20,7,1274,
896,2014,1,2,3,1297,616
897,2012,7,28,3,1559,565
898,2006,4,17,1,1494,
899,2013,9,37,7,1324,476
900,2010,9,39,4,1555,
901,2006,12,48,6,1358,
902,2007,2,6,1,1234,
903,2015,12,52,5,797,321
904,2007,11,47,5,1283,
905,2008,9,38,7,1280,
906,2006,3,10,7,1174,
907,2009,10,43,4,1577,
908,2015,3,12,4,1320,582
909,2010,12,51,7,568,
910,2011,1,1,3,1462,
911,2009,7,29,1,1483,
912,2012,2,7,1,1354,
913,2010,9,36,1,1243,
914,2009,2,7,6,1227,
915,2012,6,26,6,1324,
916,2010,8,32,4,1506,
917,2010,11,47,2,1520,
918,2008,1,1,2,1439,
919,2006,8,31,7,1284,
920,2008,4,17,3,1502,
921,2006,7,29,2,1639,
922,2008,6,25,3,1598,
923,2006,8,32,6,1433,
924,2012,5,21,6,1394,
925,2010,4,17,3,1552,
926,2014,1,4,5,1273,705
927,2015,12,49,4,1305,623
928,2007,11,44,6,1356,
929,2006,5,19,6,1309,
930,2013,8,35,4,1459,572
931,2007,1,3,5,1554,
932,2006,1,52,7,1376,
933,2009,5,19,3,1596,
934,2015,12,50,1,1300,668
935,2008,7,30,3,1725,
936,2010,3,12,5,1560,
937,2007,4,14,1,1397,
938,2015,7,28,2,1531,646
939,2014,7,29,4,1451,587
940,2013,12,51,2,1220,703
941,2010,9,38,5,1657,
942,2014,3,13,6,1154,569
943,2008,12,51,1,1374,
944,2014,9,39,6,1414,600
945,2008,10,41,3,1551,
946,2008,5,22,5,1577,
947,2014,7,30,1,1439,557
948,2010,5,21,4,1512,
949,2014,8,35,7,1187,495
950,2014,5,18,7,1226,451
951,2007,10,41,2,1729,
952,2006,12,51,3,1549,
953,2010,11,46,5,1518,
954,2011,8,31,6,1300,
955,2009,2,6,5,1355,
956,2007,2,5,4,1484,
957,2014,9,36,1,1291,392
958,2010,3,10,3,1591,
959,2006,7,28,1,1647,
960,2011,6,24,1,1471,
961,2006,8,33,1,1686,
962,2007,11,46,2,1599,
963,2014,3,14,1,1261,559
964,2011,2,6,5,1463,
965,2011,11,45,7,1209,
966,2007,11,45,1,1582,
967,2007,4,17,2,1672,
968,2009,1,3,5,1316,
969,2009,9,37,3,1463,
970,2010,8,34,2,1450,
971,2008,8,32,4,1682,
972,2013,8,34,7,1296,459
973,2006,4,16,2,1519,
974,2011,7,30,2,1551,
975,2010,6,26,2,1579,
976,2009,8,33,4,1625,
977,2015,12,53,2,1221,533
978,2010,3,9,2,1492,
979,2008,4,15,1,1476,
980,2014,7,28,5,1421,641
981,2007,1,4,6,1302,
982,2010,4,14,6,1283,
983,2012,7,27,4,1693,591
984,2008,8,35,1,1519,
985,2013,12,50,1,1324,639
986,2010,8,33,5,1498,
987,2011,3,10,2,1488,
988,2010,9,37,2,1435,
989,2006,7,26,7,1251,
990,2008,3,11,2,1571,
991,2010,1,4,7,1032,
992,2008,11,44,7,1223,
993,2011,3,10,6,1419,
994,2011,3,11,5,1496,
995,2010,6,22,4,1599,
996,2009,1,5,3,1182,
997,2012,2,7,5,1526,
998,2007,12,52,7,1199,
999,2010,6,23,7,1227,
1000,2009,4,15,2,1518,
1001,2015,2,9,4,1243,539
1002,2011,1,2,6,1296,
1003,2013,8,31,6,1427,492
1004,2014,10,41,1,1452,639
1005,2009,2,9,6,1292,
1006,2012,6,23,3,1553,
1007,2013,4,17,6,1364,517
1008,2009,6,24,5,1518,
1009,2014,4,15,3,1449,595
1010,2010,12,52,2,826,
1011,2015,12,51,2,1457,752
1012,2013,12,52,7,1125,394
1013,2011,10,40,7,1209,
1014,2007,4,16,1,1400,
1015,2012,3,12,7,1161,
1016,2007,4,15,2,1465,
1017,2011,9,39,3,1521,
1018,2014,1,2,7,1258,388
1019,2014,12,50,4,1299,668
1020,2012,2,6,6,1305,
1021,2011,3,13,3,1455,
1022,2015,7,27,7,1315,467
1023,2008,6,23,7,1273,
1024,2006,2,8,4,1467,
1025,2009,8,32,7,1351,
1026,2014,7,31,2,1603,526
1027,2007,12,52,3,1412,
1028,2009,7,29,5,1535,
1029,2014,9,37,2,1430,591
1030,2010,9,36,5,1484,
1031,2008,3,10,1,1457,
1032,2012,6,26,2,1427,
1033,2011,5,18,6,1235,
1034,2014,10,40,6,1278,531
1035,2011,4,14,7,1200,
1036,2007,8,33,4,1624,
1037,2007,3,12,4,1581,
1038,2008,2,8,6,1227,
1039,2006,2,7,1,1093,
1040,2011,6,25,2,1590,
1041,2011,2,7,2,1439,
1042,2014,1,4,1,1300,360
1043,2013,5,19,3,1370,620
1044,2015,10,44,3,1135,689
1045,2008,4,18,2,1460,
1046,2010,8,31,7,1323,
1047,2008,1,2,7,1274,
1048,2010,5,19,2,1470,
1049,2006,7,30,7,1303,
1050,2013,4,16,1,1324,603
1051,2009,1,2,6,1136,
1052,2015,9,38,6,1433,655
1053,2015,12,50,5,1461,694
1054,2011,12,48,5,1459,
1055,2008,7,30,7,1322,
1056,2006,6,24,4,1608,
1057,2013,5,22,2,1449,686
1058,2011,1,52,6,1376,
1059,2009,7,27,5,1516,
1060,2008,3,12,7,1088,
1061,2009,10,41,2,1673,
1062,2012,1,3,4,1347,
1063,2008,8,34,2,1689,
1064,2007,5,19,1,1592,
1065,2012,9,37,6,1410,557
1066,2014,12,51,7,911,409
1067,2011,7,28,6,1391,
1068,2008,7,27,6,1365,
1069,2013,5,21,5,1433,668
1070,2008,10,41,7,1222,
1071,2015,3,13,3,1304,538
1072,2014,7,30,5,1489,653
1073,2013,12,48,7,1192,420
1074,2006,8,34,6,1375,
1075,2007,10,41,6,1404,
1076,2012,11,48,5,1438,576
1077,2009,7,30,4,1438,
1078,2007,11,46,6,1377,
1079,2009,2,6,1,1397,
1080,2014,5,19,4,1426,596
1081,2008,2,9,1,1361,
1082,2007,1,1,3,1667,
1083,2007,8,32,7,1347,
1084,2009,6,25,2,1620,
1085,2011,11,45,3,1586,
1086,2009,12,51,4,1294,
1087,2013,6,25,6,1405,599
1088,2006,1,3,6,1428,
1089,2006,11,46,2,1646,
1090,2014,5,20,6,1368,618
1091,2007,7,28,3,1640,
1092,2012,8,31,4,1550,570
1093,2013,4,14,4,1322,566
1094,2011,11,44,7,1120,
1095,2009,12,52,6,938,
1096,2007,9,38,3,1737,
1097,2015,8,32,4,1639,629
1098,2007,9,37,6,1474,
1099,2011,9,37,6,1250,
1100,2007,12,49,3,1471,
1101,2007,11,48,5,1484,
1102,2009,1,2,7,1002,
1103,2010,10,43,2,1653,
1104,2011,5,21,4,1512,
1105,2013,9,39,6,1436,547
1106,2011,5,21,2,1637,
1107,2009,9,37,2,1594,
1108,2013,5,22,3,1322,574
1109,2015,1,2,3,1027,538
1110,2011,1,52,7,985,
1111,2015,12,51,3,1296,673
1112,2013,7,27,4,1200,438
1113,2008,10,42,5,1560,
1114,2010,8,32,5,1499,
1115,2013,1,5,2,1360,542
1116,2009,3,13,2,1453,
1117,2013,8,34,6,1428,527
1118,2015,5,21,6,1246,546
1119,2006,1,4,2,1632,
1120,2007,6,24,2,1659,
1121,2010,10,41,2,1611,
1122,2008,10,41,6,1404,
1123,2013,7,30,5,1456,617
1124,2006,9,37,1,1627,
1125,2011,3,10,7,1171,
1126,2010,12,48,7,1061,
1127,2007,10,41,7,1274,
1128,2012,11,48,4,1438,515
1129,2009,7,30,5,1448,
1130,2011,7,27,4,1503,
1131,2012,2,6,7,1049,
1132,2006,5,21,7,1212,
1133,2008,11,47,7,1107,
1134,2009,9,38,7,1197,
1135,2007,8,32,6,1396,
1136,2012,12,52,1,973,518
1137,2007,7,29,6,1404,
1138,2015,6,24,6,1271,395
1139,2011,11,45,2,1421,
1140,2015,8,35,1,1510,575
1141,2012,1,1,7,1124,
1142,2009,4,18,4,1552,
1143,2014,3,11,7,1226,412
1144,2008,12,49,4,1406,
1145,2013,9,36,1,1274,431
1146,2011,11,48,3,1482,
1147,2013,2,7,7,1071,447
1148,2008,7,29,1,1497,
1149,2012,8,34,5,1575,601
1150,2007,1,4,3,1612,
1151,2012,11,45,5,1306,688
1152,2006,9,39,5,1590,
1153,2006,9,39,3,1718,
1154,2015,2,7,3,1307,610
1155,2012,4,17,4,1361,
1156,2006,10,44,1,1575,
1157,2010,10,42,3,1639,
1158,2012,4,17,2,1409,
1159,2014,11,48,4,662,378
1160,2013,4,15,5,1340,649
1161,2014,5,21,5,1432,660
1162,2015,6,25,5,1433,732
1163,2006,9,36,2,1549,
1164,2013,4,15,3,1498,580
1165,2014,2,6,7,1112,450
1166,2014,8,32,7,1374,512
1167,2015,8,33,5,1584,728
1168,2007,10,40,4,1679,
1169,2015,8,33,3,1594,643
1170,2007,8,35,5,1585,
1171,2013,4,17,3,1555,598
1172,2009,9,39,2,1634,
1173,2014,5,18,6,1347,590
1174,2013,10,40,4,1610,589
1175,2011,5,20,1,1379,
1176,2013,9,38,3,1501,571
1177,2014,2,9,4,1259,571
1178,2011,5,20,7,1173,
1179,2008,9,37,7,1349,
1180,2007,4,15,7,946,
1181,2014,2,9,2,1385,512
1182,2015,10,42,4,1530,682
1183,2015,8,34,2,1505,623
1184,2009,12,50,6,1302,
1185,2009,4,17,1,1206,
1186,2013,8,33,3,1658,622
1187,2014,12,1,2,1085,468
1188,2009,3,12,1,1412,
1189,2013,3,11,4,1390,557
1190,2010,10,40,1,1302,
1191,2013,5,20,5,1492,741
1192,2007,6,25,7,1395,
1193,2007,3,11,6,903,
1194,2015,11,46,1,1381,615
1195,2013,7,29,2,1477,582
1196,2008,6,26,1,1530,
1197,2008,11,48,4,768,
1198,2007,3,12,1,1345,
1199,2012,4,15,2,1370,
1200,2006,5,22,2,1785,
1201,2010,1,3,7,1180,
1202,2014,9,37,7,1236,526
1203,2012,4,15,4,1339,
1204,2011,6,25,7,1286,
1205,2009,5,20,3,1723,
1206,2009,5,20,5,1574,
1207,2011,1,4,1,1096,
1208,2014,11,44,6,1207,656
1209,2006,12,49,4,1528,
1210,2015,4,16,6,1355,605
1211,2013,3,11,2,1301,547
1212,2014,10,42,5,1615,648
1213,2013,8,35,1,1427,521
1214,2011,8,33,3,1601,
1215,2011,6,22,4,1513,
1216,2013,10,43,1,1445,616
1217,2009,11,48,5,1256,
1218,2015,1,3,2,1344,613
1219,2012,5,22,4,1516,
1220,2009,12,49,5,1484,
1221,2015,1,3,4,1331,546
1222,2012,3,11,7,1329,
1223,2007,12,50,6,1390,
1224,2007,4,14,4,1365,
1225,2009,4,16,2,1324,
1226,2011,3,11,4,1455,
1227,2008,5,21,5,1631,
1228,2007,2,8,6,1292,
1229,2013,8,32,6,1351,495
1230,2006,12,52,3,1481,
1231,2006,12,52,5,1450,
1232,2012,4,16,1,1455,
1233,2012,11,46,6,1182,542
1234,2012,4,16,7,1104,
1235,2014,5,22,6,1358,587
1236,2015,3,13,6,1171,459
1237,2010,11,45,5,1546,
1238,2013,10,44,4,1513,615
1239,2013,7,30,3,1596,571
1240,2015,10,41,1,1357,596
1241,2012,7,27,5,1457,638
1242,2009,5,22,1,1184,
1243,2010,4,14,3,1536,
1244,2007,9,35,6,1408,
1245,2011,11,46,7,1176,
1246,2013,2,9,3,1342,550
1247,2006,10,43,4,1629,
1248,2012,10,44,1,423,298
1249,2015,11,48,7,1122,453
1250,2015,11,48,1,1266,703
1251,2009,9,38,1,1395,
1252,2013,10,41,5,1546,621
1253,2014,9,36,4,1521,727
1254,2009,5,21,4,1564,
1255,2012,8,33,2,1550,520
1256,2013,10,41,3,1540,529
1257,2014,11,47,5,1299,677
1258,2007,11,47,4,831,
1259,2015,10,43,5,1377,742
1260,2013,2,8,4,1403,498
1261,2014,2,8,1,1060,491
1262,2015,10,43,3,1493,720
1263,2008,10,42,3,1736,
1264,2014,2,8,7,1240,414
1265,2011,11,47,4,751,
1266,2006,4,14,1,1423,
1267,2015,11,47,2,1407,684
1268,2015,11,45,2,1323,655
1269,2015,9,39,4,1331,619
1270,2013,10,42,2,1514,615
1271,2009,11,46,7,1223,
1272,2011,7,30,7,1257,
1273,2011,5,22,1,1126,
1274,2007,6,26,2,1715,
1275,2008,7,29,7,1301,
1276,2012,8,34,3,1525,504
1277,2008,10,43,6,1403,
1278,2011,9,36,5,1377,
1279,2013,7,28,1,1410,616
1280,2013,3,10,5,1197,851
1281,2013,3,10,3,1277,475
1282,2009,7,28,3,1577,
1283,2012,4,14,5,1374,
1284,2009,6,23,5,1321,
1285,2010,2,7,6,1321,
1286,2006,11,44,4,1530,
1287,2015,3,10,5,1180,936
1288,2008,6,24,7,1133,
1289,2012,5,18,4,1530,
1290,2008,12,52,1,1245,
1291,2008,6,24,1,1420,
1292,2015,6,26,6,1262,594
1293,2008,12,52,7,1216,
1294,2011,11,47,2,1417,
1295,2013,1,1,4,1369,549
1296,2006,5,20,4,1591,
1297,2015,4,17,3,1489,568
1298,2007,8,35,3,1613,
1299,2007,9,36,5,1622,
1300,2009,9,39,4,1596,
1301,2014,3,9,7,1110,344
1302,2007,2,9,3,1645,
1303,2015,1,2,5,1074,751
1304,2013,9,38,5,1591,631
1305,2013,2,5,7,975,445
1306,2012,11,47,3,1341,689
1307,2012,8,32,1,1457,593
1308,2007,9,39,6,1552,
1309,2007,3,9,6,1292,
1310,2015,6,23,7,1195,559
1311,2013,1,4,3,1172,545
1312,2014,1,2,2,1091,491
1313,2014,3,10,4,1367,558
1314,2013,1,4,5,1259,674
1315,2007,8,31,7,1328,
1316,2013,9,37,6,1341,519
1317,2013,2,6,4,1313,526
1318,2006,9,38,2,1635,
1319,2007,12,52,6,1329,
1320,2011,7,26,7,1171,
1321,2014,4,16,3,1407,570
1322,2008,11,48,2,1504,
1323,2009,2,7,7,1090,
1324,2007,7,30,5,1618,
1325,2012,4,18,1,1519,
1326,2010,10,43,4,1636,
1327,2010,11,47,3,1440,
1328,2007,8,33,1,1597,
1329,2012,12,51,4,1399,606
1330,2014,6,23,6,1283,622
1331,2006,2,5,4,1604,
1332,2013,4,14,2,1228,437
1333,2008,6,25,2,1681,
1334,2015,3,11,6,1215,507
1335,2012,10,43,6,1305,524
1336,2014,1,4,4,1164,612
1337,2015,12,49,5,1392,680
1338,2009,2,8,4,1404,
1339,2015,8,32,2,1476,666
1340,2011,8,32,6,1394,
1341,2009,9,36,7,1276,
1342,2007,8,34,6,1421,
1343,2014,12,52,7,939,349
1344,2012,10,40,3,1553,502
1345,2014,4,17,6,1374,548
1346,2013,11,47,4,1453,628
1347,2006,8,34,7,1134,
1348,2008,7,30,2,1636,
1349,2009,12,49,3,1540,
1350,2012,5,19,7,1156,
1351,2007,7,27,6,1357,
1352,2015,11,45,4,1453,690
1353,2011,8,34,6,907,
1354,2014,7,29,5,1443,624
1355,2013,1,5,4,1431,592
1356,2007,10,44,2,1603,
1357,2007,6,24,4,1711,
1358,2015,5,19,6,1266,560
1359,2010,2,6,3,740,
1360,2009,1,4,7,1038,
1361,2007,3,13,6,1299,
1362,2012,5,19,1,1356,
1363,2009,1,4,1,1018,
1364,2011,11,46,1,1382,
1365,2006,4,15,2,1574,
1366,2011,7,27,2,1743,
1367,2011,9,35,6,1363,
1368,2006,5,21,1,1580,
1369,2011,8,31,7,1234,
1370,2009,2,6,4,1285,
1371,2007,12,51,5,1588,
1372,2007,3,10,5,1493,
1373,2014,5,19,1,1395,618
1374,2008,10,44,3,1471,
1375,2009,5,21,2,1510,
1376,2010,7,29,7,1243,
1377,2014,11,47,3,1248,633
1378,2014,10,40,3,1445,559
1379,2009,12,51,1,1369,
1380,2011,9,38,1,1308,
1381,2007,12,48,6,1282,
1382,2009,1,3,4,1284,
1383,2009,4,18,2,1541,
1384,2014,1,3,1,1423,568
1385,2010,8,34,3,1456,
1386,2009,3,11,4,1548,
1387,2011,3,12,7,1110,
1388,2014,1,3,7,1181,380
1389,2014,3,11,1,1333,513
1390,2011,3,12,1,1265,
1391,2010,4,16,1,1452,
1392,2012,10,41,6,1279,547
1393,2013,2,7,1,1137,475
1394,2007,6,23,7,1322,
1395,2012,9,36,4,1416,572
1396,2006,11,47,1,1537,
1397,2007,6,25,1,1667,
1398,2010,9,37,3,1579,
1399,2015,5,22,1,1181,420
1400,2010,10,42,5,1555,
1401,2008,7,28,2,1512,
1402,2012,4,14,3,1583,
1403,2006,1,5,1,1557,
1404,2006,8,35,4,1560,
1405,2012,5,18,2,1421,
1406,2011,1,3,4,1447,
1407,2009,1,5,2,1442,
1408,2014,11,45,1,1297,625
1409,2013,2,8,2,1227,477
1410,2012,2,7,4,1477,
1411,2010,6,23,6,1317,
1412,2011,6,24,4,1589,
1413,2012,10,42,5,1524,738
1414,2011,2,8,6,1284,
1415,2006,5,20,2,1566,
1416,2006,6,23,6,1301,
1417,2011,9,36,3,1249,
1418,2015,4,15,1,1231,509
1419,2013,10,40,2,1503,616
1420,2013,6,24,4,1406,534
1421,2013,7,31,2,1496,584
1422,2006,1,2,4,1660,
1423,2014,11,46,6,1207,529
1424,2008,7,31,1,1572,
1425,2015,10,42,2,1483,724
1426,2007,11,46,7,1281,
1427,2013,8,33,5,1541,678
1428,2012,8,35,4,1524,617
1429,2006,11,45,5,1586,
1430,2015,5,20,5,1533,723
1431,2006,11,45,3,1353,
1432,2014,3,10,2,1278,531
1433,2011,3,13,2,1318,
1434,2015,5,20,3,1600,655
1435,2015,2,6,6,1098,449
1436,2014,1,1,7,956,320
1437,2013,2,6,2,1343,566
1438,2008,7,28,4,1499,
1439,2012,11,44,6,916,307
1440,2010,2,5,6,1251,
1441,2012,8,35,2,1470,587
1442,2015,3,12,1,1319,529
1443,2014,7,31,3,1573,605
1444,2010,1,53,5,1427,
1445,2008,6,26,7,1251,
1446,2006,9,38,4,1630,
1447,2008,1,5,4,1518,
1448,2015,11,47,1,1409,618
1449,2009,1,3,7,1051,
1450,2015,9,39,7,1189,493
1451,2009,9,37,1,1196,
1452,2009,3,11,3,1676,
1453,2009,11,49,1,1377,
1454,2008,11,47,4,1525,
1455,2007,6,26,1,1605,
1456,2012,10,41,5,1503,593
1457,2012,11,45,2,970,514
1458,2006,11,46,5,1585,
1459,2013,7,28,6,1256,574
1460,2008,10,43,3,1478,
1461,2012,9,36,7,1249,464
1462,2012,1,1,4,1425,
1463,2012,3,10,7,1097,
1464,2014,12,1,1,1141,411
1465,2014,5,20,1,1439,581
1466,2012,4,14,6,1306,
1467,2011,5,17,7,1135,
1468,2014,5,21,2,1476,650
1469,2014,11,48,3,1125,742
1470,2010,10,43,1,1479,
1471,2013,7,31,1,1419,597
1472,2010,12,49,7,999,
1473,2015,5,19,5,1312,709
1474,2006,3,12,3,1614,
1475,2015,6,26,5,1466,774
1476,2006,9,36,5,1573,
1477,2011,1,3,3,1524,
1478,2009,1,5,1,1304,
1479,2014,11,45,2,1428,538
1480,2013,1,1,7,1142,393
1481,2007,11,47,7,1280,
1482,2009,12,53,2,1340,
1483,2011,11,47,7,1285,
1484,2009,6,23,2,1557,
1485,2011,2,8,5,1276,
1486,2014,10,41,3,1508,639
1487,2006,6,23,5,1629,
1488,2007,9,36,2,1741,
1489,2014,5,20,5,1438,700
1490,2013,6,24,7,1197,477
1491,2012,10,43,1,1409,608
1492,2006,1,2,7,1018,
1493,2011,7,30,4,1552,
1494,2008,7,31,2,1791,
1495,2012,8,32,6,1476,507
1496,2007,8,33,2,1673,
1497,2006,4,15,5,1412,
1498,2015,8,34,5,1547,753
1499,2015,6,23,4,1402,551
1500,2007,12,51,6,1283,
1501,2006,11,45,6,1396,
1502,2010,7,29,4,1622,
1503,2008,1,4,7,1203,
1504,2013,1,4,6,1215,558
1505,2012,10,42,6,1483,587
1506,2011,3,13,1,1327,
1507,2013,2,6,7,969,400
1508,2011,6,25,4,1531,
1509,2009,11,47,7,1170,
1510,2012,11,44,5,963,345
1511,2015,3,11,1,1333,661
1512,2008,11,46,7,1140,
1513,2010,2,5,1,1281,
1514,2012,8,35,1,1361,548
1515,2011,5,22,2,1560,
1516,2006,5,20,7,1257,
1517,2006,9,38,1,1550,
1518,2007,12,52,5,1423,
1519,2006,11,46,1,1540,
1520,2012,8,31,3,1420,615
1521,2010,9,36,3,1627,
1522,2012,6,26,4,1481,
1523,2012,8,32,2,1549,547
1524,2006,1,4,1,1622,
1525,2012,12,51,7,1181,407
1526,2012,8,33,1,1487,504
1527,2013,4,14,1,1161,479
1528,2015,3,11,5,1290,608
1529,2014,8,33,7,1373,476
1530,2015,6,25,2,1518,593
1531,2014,1,4,7,1088,465
1532,2009,12,52,5,695,
1533,2006,12,49,3,1548,
1534,2015,8,32,1,1500,705
1535,2011,9,37,3,1540,
1536,2007,9,37,1,1616,
1537,2009,9,36,2,1606,
1538,2013,10,43,6,1316,626
1539,2006,10,44,2,1597,
1540,2014,2,7,3,1358,640
1541,2011,6,22,3,1616,
1542,2012,3,10,3,1491,
1543,2011,5,21,7,1122,
1544,2015,12,50,3,1324,575
1545,2015,10,41,6,1225,649
1546,2008,7,30,1,1528,
1547,2009,12,52,1,1139,
1548,2008,9,36,3,1649,
1549,2013,7,27,3,1465,635
1550,2014,2,7,7,1011,464
1551,2007,7,27,3,1285,
1552,2015,11,45,1,1429,612
1553,2009,4,16,5,1426,
1554,2015,5,21,3,1515,666
1555,2007,6,24,7,1188,
1556,2010,7,28,7,1276,
1557,2009,3,13,5,1540,
1558,2010,10,41,5,1517,
1559,2015,2,7,4,1295,526
1560,2008,10,41,5,1684,
1561,2014,7,30,3,1513,591
1562,2007,7,30,2,1732,
1563,2007,5,22,4,1622,
1564,2009,1,4,2,1391,
1565,2010,12,48,4,1484,
1566,2007,10,41,4,1588,
1567,2011,7,27,7,1304,
1568,2009,2,6,7,1076,
1569,2006,5,21,4,1685,
1570,2010,1,2,3,1439,
1571,2008,10,44,4,1472,
1572,2012,12,52,2,718,354
1573,2007,7,29,5,1663,
1574,2015,6,24,5,1467,451
1575,2011,11,45,1,1472,
1576,2007,12,49,4,1463,
1577,2011,9,38,2,1470,
1578,2015,11,47,5,1434,819
1579,2009,4,18,1,1444,
1580,2015,11,46,6,1182,613
1581,2009,3,11,7,1205,
1582,2006,4,14,6,1301,
1583,2013,8,34,5,1516,636
1584,2011,8,33,4,1430,
1585,2011,3,12,2,1536,
1586,2010,4,16,2,1648,
1587,2013,10,42,5,1432,680
1588,2008,12,49,7,1082,
1589,2015,4,14,5,1340,491
1590,2013,2,7,4,1345,631
1591,2014,6,23,5,1532,743
1592,2015,10,40,5,1142,798
1593,2007,6,23,4,1597,
1594,2006,9,39,6,1443,
1595,2006,11,47,2,1557,
1596,2015,5,22,2,1519,686
1597,2010,10,42,6,1428,
1598,2012,10,40,4,1599,554
1599,2012,4,17,7,1270,
1600,2006,1,5,2,1417,
1601,2014,11,48,7,1134,377
1602,2013,4,15,6,1278,555
1603,2007,7,31,1,1632,
1604,2015,3,10,2,1144,631
1605,2006,9,36,1,1330,
1606,2011,1,3,7,1027,
1607,2013,2,8,1,1102,398
1608,2013,9,39,3,1577,539
1609,2014,2,6,4,1259,569
1610,2013,11,47,7,1058,494
1611,2014,8,32,4,1477,585
1612,2015,8,33,6,1397,579
1613,2011,3,11,7,1176,
1614,2012,5,18,7,1253,
1615,2015,4,15,2,1354,452
1616,2014,5,19,2,1568,565
1617,2015,10,41,2,1488,631
1618,2008,6,24,2,1501,
1619,2006,10,43,7,1354,
1620,2015,10,42,1,1299,505
1621,2007,4,15,4,1330,
1622,2012,10,44,2,670,372
1623,2014,1,5,4,1296,657
1624,2015,8,34,1,1468,592
1625,2007,12,51,2,1601,
1626,2008,1,4,3,1632,
1627,2006,10,43,3,1593,
1628,2013,1,1,3,1299,480
1629,2010,4,17,5,1603,
1630,2009,3,12,2,1459,
1631,2009,5,22,6,1333,
1632,2008,9,36,7,1345,
1633,2008,7,28,7,1242,
1634,2010,10,40,2,1527,
1635,2008,11,46,3,1473,
1636,2007,6,25,4,1629,
1637,2010,2,5,5,1526,
1638,2007,1,5,3,1419,
1639,2015,3,12,2,1342,528
1640,2010,1,53,6,1087,
1641,2008,6,26,4,1656,
1642,2012,2,7,7,1113,
1643,2007,6,22,7,1234,
1644,2010,6,23,5,1560,
1645,2007,12,50,1,1458,
1646,2012,4,15,1,1295,
1647,2014,9,37,4,1528,619
1648,2007,7,28,4,1671,
1649,2012,8,31,7,1310,518
1650,2014,1,3,2,1436,558
1651,2011,8,34,1,1458,
1652,2011,11,44,2,1540,
1653,2011,1,4,2,1362,
1654,2013,1,5,1,1174,507
1655,2014,1,2,1,1259,518
1656,2007,3,10,6,1377,
1657,2013,3,11,1,1273,521
1658,2007,9,37,5,1597,
1659,2009,2,8,3,1333,
1660,2007,3,11,5,1171,
1661,2013,4,16,3,1472,535
1662,2013,8,35,2,1515,506
1663,2009,1,2,4,1483,
1664,2011,6,22,7,1167,
1665,2011,2,8,1,1090,
1666,2009,11,48,6,1251,
1667,2015,1,3,1,1133,580
1668,2013,7,27,7,1325,475
1669,2012,8,33,5,1626,574
1670,2007,12,50,5,1477,
1671,2010,8,32,6,1429,
1672,2009,4,16,1,1324,
1673,2013,8,32,3,1477,508
1674,2008,5,21,6,1304,
1675,2014,1,1,4,1206,603
1676,2010,7,28,3,1501,
1677,2009,3,13,1,1337,
1678,2010,10,41,1,1312,
1679,2015,3,13,5,1267,532
1680,2013,7,30,6,1416,516
1681,2010,11,45,6,1457,
1682,2007,7,30,6,1446,
1683,2006,3,13,4,1517,
1684,2010,2,6,4,1214,
1685,2006,9,37,2,1453,
1686,2012,7,27,6,1314,490
1687,2006,8,34,4,1691,
1688,2009,5,22,2,1611,
1689,2010,6,22,2,1575,
1690,2013,3,10,6,1309,569
1691,2009,7,30,6,1365,
1692,2007,11,46,4,1523,
1693,2009,9,38,4,1705,
1694,2007,8,32,5,1423,
1695,2012,12,52,6,1222,442
1696,2013,10,41,6,1467,556
1697,2012,9,35,6,1348,515
1698,2011,1,5,1,1168,
1699,2014,4,16,4,1323,508
1700,2015,10,43,6,1216,519
1701,2014,11,46,3,1464,546
1702,2015,8,35,2,1485,594
1703,2011,8,32,5,1469,
1704,2006,4,14,2,1618,
1705,2007,9,38,4,1641,
1706,2015,9,39,3,1489,501
1707,2013,10,42,1,1280,440
1708,2012,10,43,5,1441,598
1709,2009,11,46,4,1421,
1710,2013,9,36,2,1581,550
1711,2014,5,18,5,1526,698
1712,2006,2,5,7,1139,
1713,2012,8,34,6,1394,474
1714,2008,7,29,4,1635,
1715,2012,11,45,6,1258,444
1716,2013,10,44,3,1559,558
1717,2013,7,28,2,1616,583
1718,2006,11,47,6,1408,
1719,2012,9,36,3,1464,601
1720,2011,3,10,4,1313,
1721,2010,2,7,5,1391,
1722,2012,11,47,4,754,384
1723,2014,5,21,6,1312,486
1724,2015,3,10,6,1185,578
1725,2010,12,49,3,1416,
1726,2010,4,15,3,1542,
1727,2006,3,12,7,1228,
1728,2012,5,19,4,1577,
1729,2007,10,40,7,1376,
1730,2009,6,23,6,1239,
1731,2009,4,17,6,1250,
1732,2007,3,10,2,1297,
1733,2015,4,17,4,1362,612
1734,2015,11,49,1,1284,611
1735,2015,4,15,6,1208,576
1736,2007,9,36,6,1503,
1737,2015,1,2,6,988,481
1738,2009,9,39,7,1179,
1739,2011,9,39,5,1408,
1740,2006,4,15,1,1532,
1741,2013,6,24,3,1565,615
1742,2011,5,20,4,1534,
1743,2008,9,37,4,1561,
1744,2006,1,2,3,1593,
1745,2009,12,50,5,1323,
1746,2015,4,18,1,1347,558
1747,2011,9,35,5,1412,
1748,2007,9,39,5,1679,
1749,2012,2,6,4,1465,
1750,2007,3,9,5,1420,
1751,2009,4,17,2,1508,
1752,2011,8,35,2,1534,
1753,2008,12,52,4,714,
1754,2009,3,12,6,1362,
1755,2014,3,10,7,1107,404
1756,2007,8,31,4,1710,
1757,2010,10,40,6,1464,
1758,2010,1,2,7,1142,
1759,2013,5,20,6,1254,505
1760,2014,8,33,3,1398,572
1761,2013,7,29,1,1401,581
1762,2015,11,48,2,1321,733
1763,2008,11,48,7,1085,
1764,2009,7,29,3,1628,
1765,2009,2,7,4,1536,
1766,2007,3,12,2,1551,
1767,2006,5,22,1,1215,
1768,2010,1,3,4,1581,
1769,2006,1,4,5,1420,
1770,2012,12,51,3,1416,590
1771,2009,10,44,3,1441,
1772,2008,6,25,1,1604,
1773,2009,5,20,6,1375,
1774,2011,1,4,6,1220,
1775,2009,11,47,3,1552,
1776,2014,4,18,2,1365,555
1777,2015,6,25,6,1289,505
1778,2015,12,49,6,1283,629
1779,2006,12,49,7,1258,
1780,2015,4,16,5,1444,679
1781,2009,2,8,7,1098,
1782,2007,3,11,1,1503,
1783,2014,10,42,6,1576,493
1784,2007,8,34,3,1580,
1785,2015,11,46,2,1289,756
1786,2014,12,52,4,700,303
1787,2013,10,43,2,1465,540
1788,2009,11,48,2,1561,
1789,2007,2,8,3,1518,
1790,2012,11,46,5,1371,672
1791,2014,4,17,5,1439,617
1792,2012,12,1,1,1099,482
1793,2012,3,11,4,1461,
1794,2006,6,26,4,1598,
1795,2007,4,14,7,1001,
1796,2011,8,34,5,1351,
1797,2014,7,29,6,1389,480
1798,2013,9,37,5,1474,652
1799,2006,12,52,6,1151,
1800,2012,4,16,4,1538,
1801,2014,5,22,5,1461,650
1802,2015,6,24,1,1419,634
1803,2006,9,37,6,1385,
1804,2008,5,22,3,1685,
1805,2011,11,46,4,1440,
1806,2015,2,6,5,1198,652
1807,2007,3,13,5,1517,
1808,2010,11,46,3,1545,
1809,2011,8,31,4,1478,
1810,2013,7,29,5,1452,697
1811,2014,3,11,4,1333,545
1812,2006,6,22,4,1656,
1813,2013,3,9,5,1343,603
1814,2014,9,36,7,1330,477
1815,2011,6,24,7,1291,
1816,2013,11,47,3,1407,607
1817,2009,5,21,1,1443,
1818,2012,10,42,2,1484,602
1819,2015,1,1,5,1009,442
1820,2015,8,35,6,1349,539
1821,2009,12,51,2,1515,
1822,2014,2,8,4,1379,556
1823,2014,8,34,3,1645,551
1824,2006,11,46,4,1552,
1825,2006,12,50,1,1582,
1826,2011,5,18,7,1036,
1827,2011,1,1,2,1496,
1828,2006,1,4,4,1507,
1829,2008,2,8,7,1129,
1830,2013,1,3,2,1379,516
1831,2013,12,49,5,1468,759
1832,2011,2,7,5,1533,
1833,2008,3,10,6,1249,
1834,2011,2,7,3,1537,
1835,2010,2,8,1,1285,
1836,2011,1,4,7,1022,
1837,2014,4,18,3,1098,651
1838,2015,10,44,2,1338,631
1839,2014,6,26,5,1474,660
1840,2010,7,30,6,1323,
1841,2010,6,24,5,1577,
1842,2010,8,31,6,1371,
1843,2008,1,2,6,1501,
1844,2010,5,19,3,1493,
1845,2006,7,30,6,1396,
1846,2015,4,14,4,1438,653
1847,2015,9,38,7,1376,556
1848,2009,3,10,1,863,
1849,2015,5,18,5,1390,642
1850,2009,11,48,3,1429,
1851,2011,12,48,4,1524,
1852,2006,6,24,5,1618,
1853,2013,11,47,2,1386,600
1854,2009,7,27,4,1473,
1855,2008,3,12,6,1394,
1856,2009,10,41,3,1542,
1857,2008,9,36,6,1217,
1858,2015,9,39,2,1527,571
1859,2006,4,14,7,1238,
1860,2007,5,19,6,1438,
1861,2012,1,3,5,1465,
1862,2008,8,34,3,1618,
1863,2006,8,31,6,1406,
1864,2012,9,37,7,1188,458
1865,2014,12,51,6,1146,505
1866,2011,7,28,7,1320,
1867,2009,2,5,7,1109,
1868,2008,7,27,7,1221,
1869,2013,5,21,4,1442,735
1870,2006,9,37,7,1326,
1871,2012,9,38,4,1513,522
1872,2010,5,21,3,1556,
1873,2007,5,22,1,1255,
1874,2011,1,2,1,1264,
1875,2008,4,16,1,1451,
1876,2012,12,51,2,1361,645
1877,2012,1,4,6,1441,
1878,2011,4,14,6,1365,
1879,2007,1,1,2,1630,
1880,2009,6,25,5,1519,
1881,2010,1,2,6,1361,
1882,2009,6,25,3,1526,
1883,2013,6,25,1,1499,614
1884,2012,10,42,3,1532,615
1885,2010,3,11,1,1326,
1886,2006,1,3,1,1197,
1887,2013,6,25,7,1249,505
1888,2015,1,1,4,1040,395
1889,2015,8,35,7,1252,563
1890,2006,1,3,7,1189,
1891,2015,7,30,5,1477,490
1892,2011,10,41,5,1376,
1893,2012,3,13,5,1417,
1894,2010,7,26,6,1265,
1895,2009,6,26,2,1709,
1896,2009,3,11,2,1521,
1897,2013,6,26,4,1514,598
1898,2011,12,51,1,1192,
1899,2008,9,39,5,1472,
1900,2012,11,45,3,846,718
1901,2006,6,25,6,1292,
1902,2013,7,28,7,1298,471
1903,2007,6,23,1,1421,
1904,2007,5,20,5,1612,
1905,2012,3,10,6,1215,
1906,2007,5,20,3,1646,
1907,2013,1,2,1,1289,521
1908,2009,4,14,6,1268,
1909,2013,5,19,2,1579,592
1910,2014,2,7,6,1157,516
1911,2014,5,21,3,1603,575
1912,2014,11,48,2,1351,599
1913,2012,12,50,7,1117,500
1914,2010,12,49,6,1325,
1915,2013,1,3,4,1478,491
1916,2006,9,36,4,1623,
1917,2010,5,20,6,1412,
1918,2009,7,31,4,1580,
1919,2006,12,48,7,1271,
1920,2009,12,53,3,1466,
1921,2014,2,6,1,1105,960
1922,2008,4,18,3,1472,
1923,2012,6,24,7,1162,
1924,2009,9,40,1,1362,
1925,2009,6,23,3,1533,
1926,2015,2,9,3,1273,628
1927,2010,1,1,5,1444,
1928,2006,3,11,5,1490,
1929,2007,1,2,3,1586,
1930,2007,9,36,3,1689,
1931,2015,9,37,4,1313,716
1932,2008,1,3,5,1620,
1933,2012,6,23,4,1487,
1934,2015,9,37,2,1476,795
1935,2013,1,2,7,1216,373
1936,2011,12,49,5,1494,
1937,2015,2,7,5,1107,757
1938,2009,8,35,3,1661,
1939,2011,12,49,3,1355,
1940,2008,2,6,5,1563,
1941,2010,12,50,5,1419,
1942,2013,11,46,7,1283,532
1943,2012,8,32,7,1428,505
1944,2009,4,17,7,1270,
1945,2015,8,34,4,1456,600
1946,2008,8,33,6,1426,
1947,2007,5,18,3,1718,
1948,2008,1,4,6,1335,
1949,2008,12,50,7,1109,
1950,2011,12,50,2,1416,
1951,2007,2,6,6,1258,
1952,2013,3,13,2,1380,425
1953,2009,11,47,6,1410,
1954,2015,12,52,2,1284,699
1955,2008,11,46,6,1300,
1956,2012,3,9,5,1440,
1957,2012,9,39,1,1377,562
1958,2015,1,5,4,1159,519
1959,2015,1,5,2,741,188
1960,2014,8,34,5,1312,568
1961,2007,1,3,4,1578,
1962,2008,4,15,6,1441,
1963,2011,4,15,5,1483,
1964,2009,6,27,1,1494,
1965,2014,8,33,6,1457,490
1966,2015,6,25,3,1501,706
1967,2007,5,21,6,1331,
1968,2012,3,11,1,1422,
1969,2006,12,49,2,1513,
1970,2014,6,26,3,1522,645
1971,2011,10,42,6,1368,
1972,2012,7,30,2,1544,574
1973,2015,2,8,6,1086,517
1974,2009,3,10,7,1167,
1975,2006,9,35,7,1211,
1976,2007,12,49,5,1507,
1977,2014,12,52,1,1066,566
1978,2013,10,43,7,1246,512
1979,2010,7,27,5,1529,
1980,2012,7,30,4,1457,604
1981,2012,10,40,5,1601,693
1982,2015,10,41,7,1248,559
1983,2006,1,1,1,1326,
1984,2008,2,7,6,1372,
1985,2013,7,27,2,1507,601
1986,2009,5,19,4,1472,
1987,2012,1,3,3,1417,
1988,2009,4,16,4,1340,
1989,2006,7,27,5,1603,
1990,2011,10,39,7,1139,
1991,2010,7,28,6,1389,
1992,2009,3,13,4,1429,
1993,2008,11,45,5,1577,
1994,2011,12,52,4,1330,
1995,2010,10,41,4,1574,
1996,2009,10,42,6,1364,
1997,2012,12,49,4,1325,620
1998,2012,12,49,2,1406,621
1999,2007,7,30,3,1756,
2000,2012,9,38,2,1328,556
2001,2006,10,43,2,1574,
2002,2006,6,24,3,1710,
2003,2009,5,22,7,1210,
2004,2011,1,2,7,1115,
2005,2014,6,24,1,1360,528
2006,2014,2,5,6,1332,507
2007,2015,7,27,6,1208,389
2008,2011,1,3,2,1238,
2009,2008,10,44,5,1473,
2010,2015,9,36,7,1242,504
2011,2011,2,6,2,1377,
2012,2010,4,13,4,1455,
2013,2010,6,25,6,1455,
2014,2013,11,45,4,1441,646
2015,2012,8,33,4,1558,613
2016,2013,11,45,2,1314,510
2017,2014,10,43,4,1286,639
2018,2015,11,47,4,1331,797
2019,2013,11,48,5,1311,436
2020,2012,1,1,1,1085,
2021,2013,11,48,3,1229,742
2022,2012,7,29,1,1427,528
2023,2013,10,42,4,1579,574
2024,2012,9,37,1,1396,637
2025,2006,2,8,5,1299,
2026,2014,6,25,2,1504,666
2027,2013,3,12,1,1264,623
2028,2009,11,46,1,1411,
2029,2007,2,7,3,978,
2030,2013,3,12,7,1122,451
2031,2008,9,39,3,1644,
2032,2015,2,9,5,1254,703
2033,2015,10,40,4,1333,683
2034,2008,5,20,4,1528,
2035,2013,12,50,6,1103,690
2036,2012,1,2,6,1215,
2037,2015,1,4,1,1118,496
2038,2012,2,8,3,1448,
2039,2007,10,43,7,1360,
2040,2015,1,4,7,1081,406
2041,2010,11,44,4,1359,
2042,2006,2,6,7,612,
2043,2008,4,14,3,1641,
2044,2015,3,10,3,1265,574
2045,2013,1,1,2,1395,381
2046,2011,10,43,3,1517,
2047,2010,1,1,3,1498,
2048,2014,8,31,6,1359,540
2049,2009,6,24,2,1482,
2050,2011,6,23,1,1401,
2051,2009,5,18,7,1130,
2052,2011,6,23,7,1201,
2053,2008,3,13,5,1526,
2054,2008,9,37,1,1548,
2055,2007,12,51,3,1461,
2056,2009,8,32,6,1422,
2057,2007,2,5,5,1462,
2058,2015,12,52,4,1046,603
2059,2008,9,38,6,1422,
2060,2006,3,10,6,1399,
2061,2009,10,43,5,1623,
2062,2012,12,48,7,1189,454
2063,2013,7,29,4,1485,636
2064,2010,12,51,6,677,
2065,2014,4,16,5,1384,496
2066,2006,10,41,4,1722,
2067,2007,6,22,6,1393,
2068,2012,9,39,7,1218,449
2069,2006,10,41,2,1652,
2070,2014,12,49,6,1075,628
2071,2006,12,50,7,1214,
2072,2014,9,40,2,1484,589
2073,2010,1,3,1,1235,
2074,2008,1,1,3,1409,
2075,2007,7,28,5,1590,
2076,2009,10,44,6,1363,
2077,2010,6,26,3,1600,
2078,2006,7,29,3,1714,
2079,2006,8,32,7,1242,
2080,2012,5,21,7,1123,
2081,2010,2,6,5,1306,
2082,2015,10,44,4,1412,767
2083,2007,4,16,6,1380,
2084,2013,10,44,2,1462,600
2085,2007,11,44,7,1327,
2086,2007,4,13,7,1158,
2087,2010,5,21,5,1545,
2088,2013,11,44,7,1199,415
2089,2006,3,13,1,1628,
2090,2006,5,19,7,1204,
2091,2009,2,8,2,1351,
2092,2007,1,3,2,1636,
2093,2015,11,46,7,1126,500
2094,2011,8,33,5,1390,
2095,2015,9,38,1,1326,578
2096,2009,5,19,2,1501,
2097,2009,11,45,6,1362,
2098,2006,1,1,7,1282,
2099,2010,3,12,4,1627,
2100,2015,7,28,3,1484,620
2101,2006,10,42,1,1552,
2102,2013,12,51,3,1347,701
2103,2010,9,38,4,1628,
2104,2006,10,42,7,1302,
2105,2006,7,27,3,1803,
2106,2014,3,13,7,1034,437
2107,2006,4,15,4,1604,
2108,2008,11,45,3,1451,
2109,2014,9,39,7,1315,512
2110,2010,3,9,5,1519,
2111,2006,3,9,3,1535,
2112,2010,3,9,3,1489,
2113,2013,12,1,1,1308,476
2114,2014,8,35,6,1349,510
2115,2006,12,51,4,1510,
2116,2010,9,35,5,1549,
2117,2011,8,35,3,1479,
2118,2006,12,51,2,1519,
2119,2010,9,35,3,1544,
2120,2012,6,22,7,1299,
2121,2012,12,52,7,1031,411
2122,2010,3,10,2,1542,
2123,2012,9,35,7,1236,421
2124,2011,2,6,4,1470,
2125,2012,7,28,2,1587,524
2126,2007,4,17,3,1654,
2127,2010,5,18,6,1352,
2128,2008,1,5,1,1391,
2129,2007,9,38,5,1662,
2130,2008,8,32,5,1504,
2131,2006,4,16,3,1581,
2132,2009,8,33,5,1605,
2133,2013,3,13,4,1366,549
2134,2008,11,47,1,1423,
2135,2015,12,53,3,1265,501
2136,2009,10,40,6,1393,
2137,2014,7,28,4,1597,584
2138,2008,8,35,6,1426,
2139,2013,6,23,1,1372,707
2140,2015,7,29,6,1324,561
2141,2006,11,47,7,1250,
2142,2012,9,36,2,1481,607
2143,2010,12,50,3,1243,
2144,2006,6,22,5,1452,
2145,2006,10,40,1,1631,
2146,2010,8,33,4,1540,
2147,2006,7,28,6,1380,
2148,2006,10,40,7,1290,
2149,2006,7,26,6,1369,
2150,2008,3,11,3,1639,
2151,2010,1,4,6,1150,
2152,2008,11,44,6,1452,
2153,2012,12,50,1,1406,619
2154,2006,11,48,4,1655,
2155,2006,3,12,6,1329,
2156,2014,8,32,1,1478,588
2157,2009,4,15,3,1587,
2158,2008,5,19,1,1471,
2159,2008,4,17,2,1555,
2160,2013,8,31,7,1299,454
2161,2009,2,9,1,1264,
2162,2007,3,10,3,1411,
2163,2015,4,17,5,1359,675
2164,2007,1,2,5,1565,
2165,2015,4,15,7,1110,443
2166,2012,6,23,2,1559,
2167,2009,6,24,4,1516,
2168,2014,4,15,2,1458,606
2169,2010,12,52,3,1083,
2170,2013,6,24,2,1409,635
2171,2013,12,52,6,1294,475
2172,2011,10,40,6,1319,
2173,2006,1,2,2,1733,
2174,2008,3,13,3,1614,
2175,2013,11,46,1,1201,456
2176,2012,3,12,6,1355,
2177,2012,11,47,5,1197,481
2178,2014,10,44,1,1399,642
2179,2014,12,50,5,1276,687
2180,2015,6,23,1,1276,691
2181,2010,7,29,1,1458,
2182,2009,3,12,7,1170,
2183,2009,8,34,6,1373,
2184,2013,6,26,2,1482,648
2185,2006,4,17,6,1332,
2186,2010,10,40,7,1234,
2187,2008,6,23,6,1325,
2188,2006,6,26,1,1655,
2189,2008,2,5,6,1403,
2190,2011,1,1,4,1492,
2191,2015,9,40,1,1376,586
2192,2012,3,13,2,1349,
2193,2007,5,21,3,1717,
2194,2014,10,43,3,1337,708
2195,2015,7,30,2,1537,606
2196,2008,1,5,2,1485,
2197,2006,4,14,4,1590,
2198,2008,8,32,6,1433,
2199,2012,7,29,2,1504,648
2200,2006,12,50,4,1542,
2201,2009,6,26,5,1505,
2202,2013,10,42,7,1241,490
2203,2006,2,8,2,1504,
2204,2009,11,46,2,1626,
2205,2008,11,47,2,1494,
2206,2013,3,12,4,1307,507
2207,2006,1,4,7,1197,
2208,2007,4,18,1,1618,
2209,2015,10,40,7,1229,536
2210,2006,6,26,2,1640,
2211,2015,11,47,7,1173,431
2212,2014,7,28,7,1300,439
2213,2013,1,3,7,1115,393
2214,2008,8,35,5,1543,
2215,2013,12,50,5,1336,695
2216,2015,7,29,5,1404,659
2217,2006,11,47,4,802,
2218,2011,7,29,7,1275,
2219,2012,2,8,4,1346,
2220,2007,10,43,4,1633,
2221,2015,1,4,4,1383,508
2222,2008,3,11,4,1560,
2223,2010,1,4,5,1320,
2224,2010,7,26,5,1423,
2225,2011,12,52,3,1372,
2226,2013,5,18,6,1256,580
2227,2015,9,39,1,1438,624
2228,2008,4,17,5,1406,
2229,2009,2,9,2,1481,
2230,2008,1,3,2,1603,
2231,2015,4,17,6,1241,591
2232,2014,8,31,5,1482,667
2233,2015,4,15,4,1284,452
2234,2011,12,51,6,981,
2235,2013,12,52,3,805,257
2236,2007,4,16,5,1576,
2237,2011,10,41,2,1550,
2238,2011,10,40,5,1445,
2239,2008,2,6,2,1507,
2240,2006,8,33,7,1358,
2241,2012,11,47,6,1205,458
2242,2015,7,31,1,1485,626
2243,2014,10,44,2,1574,571
2244,2010,5,17,6,1319,
2245,2014,12,50,6,1205,594
2246,2007,7,28,6,1378,
2247,2015,6,23,2,1305,642
2248,2010,7,29,2,1619,
2249,2006,2,9,1,1347,
2250,2006,4,17,5,1645,
2251,2009,10,44,5,1519,
2252,2011,12,50,5,1481,
2253,2011,2,5,2,1222,
2254,2008,2,5,5,1340,
2255,2009,10,43,6,1262,
2256,2015,9,40,2,1415,557
2257,2007,6,22,5,1580,
2258,2013,12,49,2,1461,553
2259,2010,12,51,3,1416,
2260,2008,3,10,5,1467,
2261,2011,4,16,7,1050,
2262,2008,2,8,4,1450,
2263,2011,5,18,4,1492,
2264,2009,6,26,1,1627,
2265,2006,7,29,4,1703,
2266,2007,10,42,7,1450,
2267,2011,4,15,2,1381,
2268,2012,12,51,1,1304,649
2269,2006,2,7,7,1065,
2270,2011,2,7,6,1304,
2271,2012,5,21,4,1440,
2272,2012,6,25,7,1350,
2273,2006,2,7,3,1550,
2274,2010,6,24,6,1429,
2275,2006,5,19,4,1648,
2276,2009,2,8,1,1164,
2277,2007,3,11,3,1680,
2278,2015,11,46,4,1392,637
2279,2006,7,30,5,1598,
2280,2015,9,38,2,1432,579
2281,2013,7,28,4,1559,550
2282,2009,5,19,7,1146,
2283,2006,12,49,1,1461,
2284,2008,3,12,3,1399,
2285,2013,11,47,1,1507,611
2286,2008,5,20,3,1668,
2287,2011,4,17,4,1428,
2288,2009,10,41,4,1615,
2289,2015,7,28,4,1473,567
2290,2006,3,11,6,1305,
2291,2009,4,14,5,1438,
2292,2007,5,19,5,1516,
2293,2010,8,33,3,1550,
2294,2011,8,34,3,1566,
2295,2012,9,37,2,1456,521
2296,2006,10,39,7,1317,
2297,2014,3,13,4,1344,538
2298,2008,12,51,3,1454,
2299,2011,7,28,4,1633,
2300,2014,9,39,4,1310,490
2301,2009,10,42,1,1242,
2302,2010,2,6,6,1258,
2303,2006,9,37,4,1553,
2304,2012,10,40,6,1530,500
2305,2014,8,35,3,1490,538
2306,2008,1,2,5,1572,
2307,2008,4,16,2,1564,
2308,2013,3,9,7,1086,502
2309,2011,4,14,5,1492,
2310,2012,12,52,4,1200,525
2311,2007,1,1,5,1687,
2312,2009,6,25,6,1353,
2313,2008,5,19,6,1360,
2314,2014,7,27,2,1529,616
2315,2014,4,14,2,1435,549
2316,2013,6,25,2,1420,613
2317,2012,5,20,7,1321,
2318,2012,2,5,3,1596,
2319,2006,1,3,2,1480,
2320,2015,1,1,7,878,380
2321,2015,8,35,4,1407,614
2322,2010,5,19,4,1550,
2323,2009,8,33,2,1574,
2324,2015,7,30,6,1427,451
2325,2010,5,18,5,1615,
2326,2006,5,18,7,1290,
2327,2007,9,38,6,1483,
2328,2008,8,32,2,1631,
2329,2012,7,29,6,1350,528
2330,2006,4,16,4,1583,
2331,2009,6,27,2,1499,
2332,2009,3,11,1,1415,
2333,2009,8,33,6,1476,
2334,2011,8,33,6,1360,
2335,2009,10,40,5,1539,
2336,2006,6,25,3,1841,
2337,2006,8,33,3,1733,
2338,2013,6,23,2,1557,613
2339,2007,6,23,2,1829,
2340,2012,9,36,1,1326,373
2341,2013,1,2,4,1503,555
2342,2010,8,33,7,1195,
2343,2014,11,48,1,1355,722
2344,2006,10,40,4,1599,
2345,2014,3,12,7,1149,427
2346,2010,11,44,3,1558,
2347,2012,12,50,2,1501,578
2348,2014,9,38,7,1291,515
2349,2010,12,49,5,1353,
2350,2010,5,20,3,1503,
2351,2008,4,14,4,1522,
2352,2006,3,12,5,1507,
2353,2014,8,32,2,1476,606
2354,2011,1,3,1,1110,
2355,2009,7,31,3,1507,
2356,2008,4,17,1,1403,
2357,2012,6,24,4,1496,
2358,2014,6,25,5,1513,765
2359,2011,2,8,3,1318,
2360,2007,1,2,6,1390,
2361,2015,9,37,7,1191,478
2362,2012,6,23,7,1272,
2363,2008,8,31,7,1392,
2364,2008,2,7,1,1199,
2365,2014,4,15,1,1166,533
2366,2010,12,52,4,1123,
2367,2008,5,18,5,1526,
2368,2013,6,24,1,1219,624
2369,2012,10,43,3,1463,494
2370,2006,1,2,1,1550,
2371,2008,2,6,6,1387,
2372,2013,11,46,2,1296,647
2373,2015,4,18,3,1419,679
2374,2006,4,15,7,1116,
2375,2006,3,9,4,1333,
2376,2009,3,12,4,1488,
2377,2008,12,50,4,1362,
2378,2010,10,40,4,1601,
2379,2012,7,28,5,1536,603
2380,2006,10,43,1,1601,
2381,2011,12,50,1,1338,
2382,2008,6,23,3,1631,
2383,2010,3,12,3,1555,
2384,2009,10,43,2,1484,
2385,2010,2,5,3,1423,
2386,2006,3,10,1,1535,
2387,2012,3,11,2,1552,
2388,2011,4,16,3,1478,
2389,2006,11,46,7,1216,
2390,2010,2,8,2,1256,
2391,2007,10,42,3,1688,
2392,2014,6,25,1,1462,622
2393,2014,2,7,5,1057,791
2394,2009,4,15,4,1482,
2395,2010,3,11,2,1523,
2396,2014,5,20,3,1534,636
2397,2010,3,11,6,1395,
2398,2008,4,15,5,1601,
2399,2010,7,30,3,1517,
2400,2014,8,33,5,1441,522
2401,2011,1,4,4,864,
2402,2013,5,19,1,1325,561
2403,2014,6,26,6,1339,610
2404,2009,12,52,3,1249,
2405,2010,6,24,2,1516,
2406,2015,2,8,3,1232,626
2407,2010,8,31,3,1455,
2408,2007,9,37,3,1760,
2409,2007,12,49,6,1383,
2410,2015,4,14,7,892,422
2411,2013,10,43,4,1402,632
2412,2012,7,30,1,1406,505
2413,2015,5,18,6,1181,540
2414,2015,10,41,4,1429,666
2415,2008,9,36,5,1622,
2416,2013,7,27,1,1346,633
2417,2009,1,1,7,1101,
2418,2006,8,31,5,1567,
2419,2014,12,51,5,1267,652
2420,2010,9,38,3,1517,
2421,2009,3,13,7,1156,
2422,2008,7,27,4,1490,
2423,2010,10,41,7,1307,
2424,2007,2,5,6,1226,
2425,2009,10,42,5,1388,
2426,2010,7,27,2,1501,
2427,2012,12,49,7,1203,544
2428,2012,9,38,7,1305,480
2429,2009,6,24,1,1513,
2430,2006,3,13,2,1563,
2431,2007,5,22,2,1903,
2432,2006,10,42,2,1439,
2433,2011,2,5,6,1264,
2434,2008,4,16,6,1310,
2435,2013,5,21,7,1132,455
2436,2014,6,24,2,1451,569
2437,2011,5,19,7,1138,
2438,2012,1,4,5,1493,
2439,2008,2,9,3,1520,
2440,2007,1,1,1,1377,
2441,2006,6,22,6,1289,
2442,2014,7,27,6,1449,505
2443,2006,12,51,7,981,
2444,2008,12,1,3,1038,
2445,2010,3,10,5,1345,
2446,2011,12,49,6,1340,
2447,2012,4,13,7,1093,
2448,2012,5,20,3,1612,
2449,2012,2,5,7,1034,
2450,2010,6,25,1,1508,
2451,2013,11,45,7,1242,474
2452,2011,10,41,6,1147,
2453,2009,8,35,4,1674,
2454,2012,3,13,6,1225,
2455,2006,5,18,3,1607,
2456,2015,8,31,6,1341,668
2457,2012,1,1,2,1318,
2458,2013,6,26,7,1311,423
2459,2011,12,51,2,1476,
2460,2010,1,2,5,1661,
2461,2006,2,8,6,1230,
2462,2007,2,7,4,1188,
2463,2013,6,23,6,1197,571
2464,2008,5,20,7,1313,
2465,2006,3,11,2,1601,
2466,2014,7,28,3,1560,569
2467,2009,4,17,4,1508,
2468,2012,3,10,5,1475,
2469,2012,1,2,3,1468,
2470,2015,2,7,6,1109,436
2471,2011,7,29,3,1562,
2472,2014,3,12,3,1362,525
2473,2012,8,32,4,1608,581
2474,2015,8,36,1,1378,614
2475,2008,9,37,2,1464,
2476,2010,11,44,7,1181,
2477,2010,1,4,1,1241,
2478,2012,3,12,5,1532,
2479,2006,2,6,4,1495,
2480,2012,7,26,7,1283,538
2481,2011,1,2,2,1376,
2482,2011,6,26,3,1526,
2483,2006,9,36,7,1299,
2484,2006,11,48,3,1520,
2485,2014,2,6,2,1300,613
2486,2009,9,40,2,1463,
2487,2011,10,43,4,1303,
2488,2008,1,3,6,1401,
2489,2010,9,35,6,1444,
2490,2009,3,9,7,1143,
2491,2014,4,15,5,1469,609
2492,2011,6,23,2,1623,
2493,2014,4,16,6,1267,526
2494,2008,8,33,1,1501,
2495,2011,10,40,1,1292,
2496,2009,8,34,5,1467,
2497,2012,3,12,1,1421,
2498,2015,8,34,7,1307,492
2499,2008,8,33,5,1559,
2500,2015,7,31,5,1418,753
2501,2011,5,19,3,1602,
2502,2008,1,4,5,1458,
2503,2014,12,50,2,1069,645
2504,2012,7,28,1,1479,533
2505,2007,2,6,5,1406,
2506,2007,5,18,4,1618,
2507,2015,12,52,1,1370,611
2508,2008,11,46,5,1533,
2509,2008,9,38,3,1651,
2510,2014,9,38,3,1565,658
2511,2006,3,10,5,1587,
2512,2013,7,29,7,1352,447
2513,2009,8,32,5,1590,
2514,2006,10,41,7,1284,
2515,2012,9,39,4,1469,619
2516,2013,12,49,6,1316,567
2517,2010,2,8,6,1178,
2518,2014,12,49,5,1194,671
2519,2009,8,32,1,1478,
2520,2010,1,3,2,1568,
2521,2008,1,1,4,1336,
2522,2011,4,15,6,1133,
2523,2015,3,11,3,1329,565
2524,2013,3,13,7,964,426
2525,2013,5,19,5,1530,698
2526,2006,8,32,4,1679,
2527,2012,6,25,3,1500,
2528,2011,10,42,5,1541,
2529,2011,3,9,7,1005,
2530,2007,11,44,4,1700,
2531,2008,1,2,1,1564,
2532,2007,1,3,1,1372,
2533,2014,12,52,2,1140,732
2534,2006,7,30,1,1642,
2535,2010,7,27,6,1403,
2536,2011,3,9,3,1517,
2537,2009,11,47,5,1637,
2538,2009,11,45,3,1497,
2539,2008,5,19,2,1676,
2540,2006,1,1,4,1666,
2541,2008,2,7,5,1593,
2542,2010,3,12,7,1140,
2543,2009,3,10,2,1203,
2544,2012,8,33,7,1286,467
2545,2007,12,50,3,1590,
2546,2009,4,16,7,1128,
2547,2014,12,51,1,1234,720
2548,2008,8,34,4,1592,
2549,2013,12,51,4,1394,607
2550,2010,9,38,7,1344,
2551,2010,7,28,5,1546,
2552,2008,12,51,7,1062,
2553,2013,5,21,3,1587,570
2554,2010,3,9,6,1398,
2555,2007,11,45,7,1305,
2556,2013,10,44,1,1363,620
2557,2009,5,22,4,1447,
2558,2014,6,24,6,1393,612
2559,2008,3,9,6,1263,
2560,2007,11,45,3,1581,
2561,2015,7,27,3,1464,683
2562,2015,6,24,3,1499,667
2563,2006,7,28,5,1585,
2564,2011,4,14,1,1349,
2565,2010,3,10,1,1390,
2566,2015,9,36,4,1444,665
2567,2011,2,6,1,1347,
2568,2010,4,13,7,1050,
2569,2010,6,25,5,1562,
2570,2014,4,14,6,1342,580
2571,2011,1,1,7,1048,
2572,2014,6,27,1,1393,609
2573,2014,10,43,7,1340,515
2574,2007,4,17,4,1662,
2575,2014,9,37,5,1470,730
2576,2009,1,2,3,1400,
2577,2013,9,37,4,1473,695
2578,2009,1,5,6,1243,
2579,2008,6,26,5,1556,
2580,2013,4,15,7,1176,472
2581,2011,12,51,7,675,
2582,2008,12,50,1,1322,
2583,2015,6,26,4,1534,670
2584,2014,11,45,3,1489,554
2585,2011,7,30,5,1415,
2586,2007,9,39,4,1764,
2587,2014,7,29,1,1397,561
2588,2014,4,14,7,1131,484
2589,2010,10,39,6,1508,
2590,2010,4,14,1,1343,
2591,2008,8,31,6,1445,
2592,2014,7,30,4,1526,539
2593,2013,2,7,5,1475,604
2594,2014,10,40,7,1272,505
2595,2008,7,31,3,1699,
2596,2013,5,21,2,1555,697
2597,2008,8,32,3,1581,
2598,2011,9,38,5,1364,
2599,2009,6,26,4,1559,
2600,2015,5,20,1,1448,645
2601,2011,12,50,4,1573,
2602,2010,4,15,4,1486,
2603,2009,5,20,7,1151,
2604,2007,2,8,2,1572,
2605,2007,8,33,3,1717,
2606,2014,6,23,4,1410,569
2607,2007,10,43,1,1637,
2608,2011,9,39,4,1385,
2609,2007,4,17,5,1479,
2610,2006,6,23,4,1516,
2611,2011,9,38,3,1574,
2612,2012,8,34,7,1323,471
2613,2010,5,19,5,1593,
2614,2006,8,33,6,1401,
2615,2014,12,50,3,1251,649
2616,2015,11,44,7,1375,312
2617,2010,9,36,4,1612,
2618,2010,9,39,1,1438,
2619,2006,5,21,5,1538,
2620,2009,7,28,1,1425,
2621,2012,6,26,5,1505,
2622,2007,8,33,5,1494,
2623,2010,8,34,7,1344,
2624,2013,8,32,2,1457,542
2625,2009,1,2,5,1494,
2626,2008,10,41,4,1579,
2627,2009,9,37,6,1358,
2628,2010,7,27,3,1518,
2629,2007,8,35,1,1672,
2630,2008,10,41,2,1567,
2631,2013,5,19,4,1417,602
2632,2010,4,15,2,1522,
2633,2013,9,36,5,1389,524
2634,2008,10,43,2,1615,
2635,2013,5,20,1,1377,576
2636,2009,1,3,6,1248,
2637,2015,12,51,7,1090,500
2638,2007,6,24,6,1320,
2639,2010,9,37,7,1329,
2640,2008,3,11,5,1526,
2641,2008,2,8,1,1193,
2642,2009,1,1,6,1281,
2643,2007,7,29,4,1520,
2644,2014,9,39,1,1465,661
2645,2008,2,6,3,1642,
2646,2006,7,29,5,1469,
2647,2014,7,31,1,1418,595
2648,2008,5,18,4,1538,
2649,2006,12,52,7,951,
2650,2010,10,42,7,1278,
2651,2014,4,17,4,1415,586
2652,2011,11,45,6,1305,
2653,2009,2,7,3,1595,
2654,2011,5,18,1,1362,
2655,2008,11,48,6,1274,
2656,2011,5,20,5,1559,
2657,2007,6,26,6,1382,
2658,2011,7,27,6,1320,
2659,2013,9,38,1,1393,570
2660,2012,7,27,7,1245,464
2661,2007,11,47,6,1256,
2662,2014,9,37,3,1510,618
2663,2009,8,33,3,1616,
2664,2014,1,1,5,836,423
2665,2011,4,16,6,1246,
2666,2007,2,9,1,1347,
2667,2013,8,34,4,1417,577
2668,2014,11,47,1,1151,666
2669,2013,4,16,2,1422,564
2670,2011,7,26,5,1458,
2671,2010,8,34,1,1253,
2672,2010,11,48,2,1435,
2673,2007,10,41,3,1750,
2674,2014,1,2,6,1251,465
2675,2011,4,15,3,1433,
2676,2007,1,5,2,1412,
2677,2010,8,32,7,1302,
2678,2010,9,36,2,1529,
2679,2007,3,13,4,1532,
2680,2012,7,27,1,1437,564
2681,2015,5,22,3,1498,697
2682,2006,11,45,7,1251,
2683,2013,3,10,7,1091,415
2684,2008,4,17,4,1498,
2685,2014,1,3,3,1490,583
2686,2013,6,23,7,1305,533
2687,2015,1,2,7,1007,341
2688,2010,4,16,3,1659,
2689,2006,2,6,1,1528,
2690,2011,8,32,4,1621,
2691,2011,11,47,6,1277,
2692,2010,8,33,2,1524,
2693,2014,4,15,4,1383,645
2694,2007,10,42,6,1521,
2695,2007,4,14,6,1280,
2696,2014,3,12,6,1423,493
2697,2015,3,13,4,1286,525
2698,2007,3,12,3,1522,
2699,2007,11,45,6,1304,
2700,2011,7,28,1,1422,
2701,2012,3,13,3,1529,
2702,2010,3,11,7,1232,
2703,2009,9,36,3,1535,
2704,2006,2,7,6,1235,
2705,2006,2,8,3,1500,
2706,2015,12,51,1,1320,637
2707,2014,5,19,5,1478,584
2708,2009,9,39,6,1373,
2709,2011,3,12,3,1311,
2710,2014,10,41,4,1498,499
2711,2014,3,11,5,1378,585
2712,2011,7,29,6,1340,
2713,2013,5,18,7,1191,515
2714,2010,6,22,5,1624,
2715,2006,3,9,5,1427,
2716,2014,1,5,5,1367,560
2717,2007,4,15,5,1500,
2718,2011,11,46,5,1455,
2719,2013,4,17,1,1344,565
2720,2010,6,24,3,1568,
2721,2013,12,49,3,1431,520
2722,2011,4,17,1,1281,
2723,2007,12,52,2,817,
2724,2010,11,45,7,1170,
2725,2015,3,12,5,1154,570
2726,2010,11,45,1,1314,
2727,2008,10,42,1,1320,
2728,2006,3,11,3,1660,
2729,2010,3,12,2,1454,
2730,2010,12,52,5,1017,
2731,2006,8,34,3,1617,
2732,2007,8,34,2,1377,
2733,2008,1,3,3,1593,
2734,2009,2,6,6,1279,
2735,2012,4,17,6,1309,
2736,2007,6,25,5,1476,
2737,2014,9,36,6,1406,553
2738,2008,12,51,6,1166,
2739,2010,2,8,7,972,
2740,2011,3,10,5,1366,
2741,2010,11,46,4,1643,
2742,2012,4,16,5,1565,
2743,2013,9,36,3,1467,604
2744,2009,7,30,7,1224,
2745,2011,9,35,4,1493,
2746,2008,5,21,1,1463,
2747,2013,9,39,2,1519,615
2748,2011,5,19,6,1308,
2749,2015,10,43,7,1178,522
2750,2008,10,40,5,1615,
2751,2013,10,41,7,1252,501
2752,2014,10,41,2,1510,620
2753,2012,2,8,5,1261,
2754,2014,7,28,2,1479,593
2755,2006,4,16,5,1488,
2756,2008,5,19,7,1140,
2757,2010,8,32,1,1462,
2758,2012,6,26,3,1680,
2759,2010,4,14,7,1256,
2760,2012,10,44,3,1027,549
2761,2010,8,35,2,1486,
2762,2011,7,30,3,1611,
2763,2014,11,45,5,1409,641
2764,2014,1,4,6,1205,475
2765,2010,4,17,4,1550,
2766,2007,11,48,1,1451,
2767,2008,7,28,6,1337,
2768,2007,3,9,4,1549,
2769,2014,6,25,4,1581,674
2770,2013,4,16,4,1457,553
2771,2007,2,7,5,1327,
2772,2010,3,13,1,1194,
2773,2009,7,29,2,1566,
2774,2008,6,24,3,1682,
2775,2015,5,21,2,1426,606
2776,2014,2,8,5,1366,545
2777,2009,7,29,4,1514,
2778,2011,6,25,5,1456,
2779,2008,1,1,5,1467,
2780,2007,12,1,1,1200,
2781,2008,5,22,2,1778,
2782,2012,2,6,3,1471,
2783,2009,10,43,3,1711,
2784,2008,8,34,5,1622,
2785,2015,3,12,3,1460,547
2786,2013,8,34,2,1469,542
2787,2012,6,25,6,1352,
2788,2013,8,33,1,1416,519
2789,2013,7,30,7,1280,485
2790,2015,11,48,3,1258,717
2791,2011,6,24,6,1356,
2792,2007,4,15,3,1568,
2793,2014,6,24,7,1229,475
2794,2010,6,22,3,1648,
2795,2011,4,13,5,1308,
2796,2007,10,40,6,1464,
2797,2014,7,30,2,1517,587
2798,2007,3,13,2,1596,
2799,2011,5,21,6,1342,
2800,2010,3,10,4,1515,
2801,2006,5,18,6,1380,
2802,2008,6,25,6,1463,
2803,2011,3,11,6,1332,
2804,2015,3,14,1,1270,556
2805,2015,4,16,4,1454,560
2806,2013,5,22,1,1189,420
2807,2009,10,41,5,1506,
2808,2015,7,30,3,1574,618
2809,2012,5,19,5,1510,
2810,2015,5,19,4,1426,684
2811,2007,1,4,7,1290,
2812,2012,6,24,1,1466,
2813,2010,6,23,2,1611,
2814,2010,4,17,2,1584,
2815,2011,10,41,3,1443,
2816,2008,5,20,2,1606,
2817,2013,4,17,7,1187,440
2818,2007,8,32,4,1674,
2819,2008,5,22,4,1560,
2820,2012,7,28,4,1615,577
2821,2015,12,50,2,1345,618
2822,2008,12,52,5,1295,
2823,2007,1,4,1,1428,
2824,2010,2,7,4,1384,
2825,2007,1,1,4,1712,
2826,2013,2,6,6,879,403
2827,2006,5,20,6,1342,
2828,2011,11,44,3,1470,
2829,2011,8,31,5,1474,
2830,2015,3,13,2,1285,601
2831,2014,10,43,2,1498,607
2832,2015,8,33,7,1341,552
2833,2015,5,22,5,1401,813
2834,2010,9,38,2,1511,
2835,2010,9,37,1,1332,
2836,2012,2,6,5,1528,
2837,2012,5,21,1,1307,
2838,2013,1,4,7,1068,429
2839,2009,12,51,3,1478,
2840,2014,7,29,7,1340,451
2841,2014,7,27,7,1311,451
2842,2010,11,44,2,1261,
2843,2009,1,4,3,1451,
2844,2009,4,15,5,1405,
2845,2007,12,52,4,1392,
2846,2008,4,14,5,1495,
2847,2010,11,46,2,1444,
2848,2014,10,42,1,1242,451
2849,2012,7,29,7,1345,498
2850,2006,2,5,6,1335,
2851,2013,12,51,5,1428,674
2852,2008,4,16,7,1160,
2853,2009,8,35,5,1412,
2854,2008,5,21,7,1195,
2855,2015,7,28,5,1331,709
2856,2012,5,20,6,1342,
2857,2015,12,49,7,1148,485
2858,2009,9,38,5,1588,
2859,2009,7,28,7,1145,
2860,2007,11,46,5,1511,
2861,2015,2,6,4,1232,569
2862,2010,4,16,5,1585,
2863,2009,12,50,2,1493,
2864,2011,12,52,2,1294,
2865,2014,10,42,7,1275,483
2866,2014,3,10,6,1414,515
2867,2007,10,41,5,1604,
2868,2014,9,38,6,1509,594
2869,2007,7,27,2,1565,
2870,2011,9,39,2,1548,
2871,2006,8,32,1,1632,
2872,2011,2,5,7,978,
2873,2010,6,23,4,1578,
2874,2013,5,20,7,1096,544
2875,2009,12,50,4,1485,
2876,2012,2,7,6,1338,
2877,2007,8,32,2,1695,
2878,2006,5,19,1,1587,
2879,2011,10,43,5,1352,
2880,2009,7,30,1,1552,
2881,2014,11,46,2,1369,493
2882,2010,11,47,1,1397,
2883,2011,3,10,3,1483,
2884,2014,5,19,3,1538,603
2885,2008,7,29,5,1587,
2886,2008,7,30,6,1439,
2887,2008,12,49,6,1295,
2888,2012,5,18,6,1345,
2889,2012,10,41,4,1490,657
2890,2013,9,37,2,1403,629
2891,2007,3,12,5,1591,
2892,2012,4,14,7,1003,
2893,2013,4,18,2,1458,576
2894,2011,6,25,3,1553,
2895,2009,2,7,5,1493,
2896,2011,9,36,1,1220,
2897,2012,2,5,6,1388,
2898,2008,10,40,3,1582,
2899,2007,8,31,5,1633,
2900,2010,11,47,7,1215,
2901,2014,3,13,1,1290,547
2902,2013,8,35,5,1481,599
2903,2009,7,31,2,1641,
2904,2015,12,50,4,1383,668
2905,2007,5,18,5,1565,
2906,2011,3,9,6,1369,
2907,2006,8,34,5,1507,
2908,2011,9,37,2,1426,
2909,2006,11,48,2,1632,
2910,2014,5,22,4,1650,662
2911,2014,5,18,4,1419,650
2912,2009,12,51,5,1356,
2913,2013,8,35,3,1465,482
2914,2011,8,31,3,1470,
2915,2012,11,46,4,1389,623
2916,2014,1,5,3,1279,649
2917,2007,11,46,3,1588,
2918,2014,10,43,1,1457,591
2919,2007,4,17,6,1395,
2920,2011,8,32,7,950,
2921,2010,9,36,7,1216,
2922,2006,4,16,6,1157,
2923,2011,3,12,4,1479,
2924,2014,3,11,6,1505,519
2925,2012,10,41,3,1511,640
2926,2010,4,16,6,1389,
2927,2013,2,7,6,1307,449
2928,2007,2,7,6,1163,
2929,2012,8,34,4,1584,574
2930,2011,7,27,1,1145,
2931,2008,10,43,5,1609,
2932,2013,6,23,4,1390,605
2933,2006,9,39,4,1734,
2934,2008,5,20,1,1388,
2935,2010,8,33,1,1421,
2936,2006,5,18,5,1639,
2937,2011,4,17,2,1478,
2938,2012,4,17,5,1546,
2939,2007,10,43,2,1854,
2940,2014,3,12,5,1440,589
2941,2011,11,47,5,1420,
2942,2010,11,44,1,1415,
2943,2013,8,34,1,1429,462
2944,2006,2,6,2,1582,
2945,2013,4,15,4,1479,517
2946,2011,8,32,3,1553,
2947,2008,4,14,6,1343,
2948,2011,11,47,1,1446,
2949,2015,6,26,3,1437,777
2950,2007,10,40,3,1700,
2951,2015,8,33,4,1563,714
2952,2011,9,36,6,1301,
2953,2006,5,20,1,1524,
2954,2013,4,17,4,1488,583
2955,2015,3,9,7,914,693
2956,2011,2,5,4,1358,
2957,2008,5,18,7,1186,
2958,2013,9,38,2,1459,627
2959,2014,2,9,5,1276,655
2960,2014,11,46,5,1284,651
2961,2009,12,50,1,1407,
2962,2011,6,24,3,1650,
2963,2014,10,44,4,1414,626
2964,2011,9,39,1,1559,
2965,2007,9,39,3,1653,
2966,2013,8,33,2,1490,552
2967,2015,5,20,6,1268,649
2968,2014,3,10,1,1188,439
2969,2012,7,28,7,1323,494
2970,2010,9,39,2,1597,
2971,2010,4,17,1,1234,
2972,2013,2,6,1,1193,553
2973,2007,6,25,6,1504,
2974,2006,3,10,3,1583,
2975,2006,9,38,7,1431,
2976,2009,7,29,7,1356,
2977,2008,11,48,5,1368,
2978,2010,10,43,7,1195,
2979,2012,4,15,3,1380,
2980,2007,8,33,6,1381,
2981,2008,2,8,2,1478,
2982,2006,7,29,6,1371,
2983,2008,1,1,6,1439,
2984,2014,6,23,3,1530,582
2985,2013,4,14,7,1103,451
2986,2013,5,19,7,1181,527
2987,2011,11,44,4,1509,
2988,2012,5,21,2,1611,
2989,2015,12,49,2,1281,746
2990,2009,5,20,4,1464,
2991,2015,4,16,7,1216,471
2992,2013,3,11,3,1506,636
2993,2006,5,19,2,1624,
2994,2014,10,41,7,1262,473
2995,2007,8,34,1,1515,
2996,2006,4,13,7,1232,
2997,2012,5,22,3,1616,
2998,2013,9,39,1,1431,661
2999,2007,2,8,1,1137,
3000,2015,1,3,3,1305,506
3001,2012,11,46,7,1142,446
3002,2007,4,14,3,1303,
3003,2010,3,12,1,1217,
3004,2015,11,45,7,1136,472
3005,2014,7,29,2,1333,587
3006,2008,10,42,6,1384,
3007,2010,8,32,2,1553,
3008,2014,1,1,6,1021,418
3009,2006,11,44,3,1889,
3010,2011,7,28,2,1636,
3011,2013,12,51,6,1376,594
3012,2010,9,38,1,1433,
3013,2006,12,52,4,1446,
3014,2007,6,24,1,1637,
3015,2013,5,21,1,1385,657
3016,2012,4,16,6,1401,
3017,2014,10,42,2,1585,696
3018,2014,9,39,2,1492,592
3019,2010,4,14,4,1588,
3020,2011,4,13,6,1395,
3021,2012,5,19,2,1628,
3022,2011,11,46,6,1368,
3023,2008,4,16,4,1519,
3024,2010,11,46,7,1177,
3025,2015,8,32,7,1280,489
3026,2008,2,9,5,1378,
3027,2014,5,19,6,1375,549
3028,2014,9,36,3,1612,580
3029,2007,7,29,3,1447,
3030,2010,3,10,7,996,
3031,2009,9,36,4,1511,
3032,2015,10,43,4,1411,666
3033,2009,12,51,6,1079,
3034,2014,2,8,6,1423,587
3035,2007,11,48,2,1653,
3036,2015,5,19,3,1462,568
3037,2014,3,11,2,1400,510
3038,2011,12,51,4,1487,
3039,2007,6,26,5,1503,
3040,2013,2,7,2,1493,498
3041,2013,9,36,6,1426,585
3042,2008,7,29,6,1387,
3043,2007,1,4,4,1489,
3044,2014,7,28,1,1426,613
3045,2011,7,29,5,1404,
3046,2015,12,51,4,1243,745
3047,2015,12,50,7,1261,548
3048,2008,3,11,6,1373,
3049,2012,4,14,4,1441,
3050,2010,1,4,3,1501,
3051,2010,2,7,7,1179,
3052,2014,4,17,3,1525,536
3053,2012,5,18,5,1536,
3054,2015,6,26,7,1089,535
3055,2008,12,52,6,1275,
3056,2006,11,48,1,1590,
3057,2010,6,23,1,1469,
3058,2012,6,24,2,1466,
3059,2013,2,8,7,1181,426
3060,2014,9,38,5,1531,647
3061,2009,4,15,6,1206,
3062,2006,5,20,5,1440,
3063,2008,4,17,7,1188,
3064,2006,6,23,3,1425,
3065,2009,9,38,2,1515,
3066,2011,9,37,5,1415,
3067,2009,9,39,5,1565,
3068,2006,11,44,7,1200,
3069,2013,10,40,7,1335,404
3070,2011,3,11,3,1437,
3071,2014,11,46,1,1439,560
3072,2011,10,40,3,1511,
3073,2015,10,42,7,1098,551
3074,2012,3,12,3,1586,
3075,2007,9,39,7,1314,
3076,2007,3,9,7,1250,
3077,2015,7,31,3,1578,629
3078,2013,8,33,6,1329,504
3079,2014,11,45,6,1326,543
3080,2014,3,10,5,1390,533
3081,2013,1,4,4,1207,554
3082,2007,8,31,6,1367,
3083,2010,4,15,7,1156,
3084,2013,2,6,5,1041,702
3085,2007,6,25,2,1749,
3086,2013,9,37,1,1355,632
3087,2013,5,20,2,1422,565
3088,2010,2,7,3,1279,
3089,2008,7,28,1,1402,
3090,2009,1,5,5,1431,
3091,2010,11,48,1,1402,
3092,2013,10,41,4,1496,559
3093,2013,6,22,7,1230,487
3094,2006,9,38,3,1735,
3095,2007,12,52,1,1164,
3096,2008,6,26,2,1737,
3097,2010,2,8,4,1109,
3098,2006,8,31,3,1545,
3099,2011,7,26,6,1237,
3100,2010,10,43,3,1579,
3101,2011,5,18,2,1511,
3102,2007,3,12,6,1299,
3103,2014,6,23,7,1200,516
3104,2010,11,47,4,796,
3105,2006,2,7,5,1609,
3106,2013,4,14,3,1382,532
3107,2014,1,4,3,1066,498
3108,2008,6,25,5,1619,
3109,2013,3,10,4,1236,535
3110,2012,6,25,5,1441,
3111,2012,2,7,3,1495,
3112,2015,8,32,3,1617,619
3113,2008,1,2,3,1607,
3114,2011,10,43,6,1110,
3115,2010,5,19,6,1341,
3116,2006,7,30,3,1735,
3117,2013,9,39,5,1519,553
3118,2011,5,21,1,1476,
3119,2008,7,30,5,1590,
3120,2014,4,17,7,1252,449
3121,2014,12,51,3,1377,554
3122,2009,12,49,2,1480,
3123,2008,2,7,3,1266,
3124,2007,8,35,2,1625,
3125,2009,10,41,6,1390,
3126,2008,10,42,2,1657,
3127,2014,3,13,2,1358,474
3128,2008,8,34,6,1343,
3129,2013,8,32,5,1484,579
3130,2015,5,21,5,1415,727
3131,2007,6,24,5,1582,
3132,2012,4,16,2,1592,
3133,2008,6,26,6,1370,
3134,2008,7,27,2,1609,
3135,2008,12,51,5,1118,
3136,2014,7,30,7,1427,476
3137,2008,6,27,1,1485,
3138,2013,7,30,4,1615,506
3139,2014,6,24,4,1602,561
3140,2011,9,35,7,1234,
3141,2009,2,6,3,1370,
3142,2007,3,13,1,1539,
3143,2014,4,15,7,1230,482
3144,2015,11,48,4,800,383
3145,2011,4,14,3,1496,
3146,2007,1,1,7,1252,
3147,2014,1,3,4,1491,521
3148,2008,5,19,4,1624,
3149,2009,5,21,3,1629,
3150,2014,4,14,4,1408,592
3151,2010,10,39,5,1408,
3152,2011,9,38,6,1308,
3153,2007,2,9,2,1508,
3154,2007,12,48,7,1080,
3155,2015,3,12,6,1185,506
3156,2010,8,34,4,1484,
3157,2011,5,20,2,1372,
3158,2009,4,18,3,1650,
3159,2015,5,19,7,1143,549
3160,2009,1,3,3,1475,
3161,2008,5,21,2,1437,
3162,2015,3,13,1,1152,586
3163,2012,7,29,4,1558,522
3164,2009,9,37,5,1242,
3165,2012,2,8,6,1253,
3166,2009,6,26,7,1281,
3167,2008,12,49,3,1525,
3168,2012,10,41,7,1214,517
3169,2008,7,29,2,1582,
3170,2011,5,20,6,1366,
3171,2008,10,43,1,1513,
3172,2015,5,22,6,1401,622
3173,2008,7,31,4,1559,
3174,2009,7,28,4,1556,
3175,2010,10,42,4,1610,
3176,2013,2,9,4,1409,517
3177,2010,9,37,4,1426,
3178,2012,4,17,1,1404,
3179,2012,11,48,3,1439,512
3180,2012,2,5,5,1423,
3181,2013,7,31,3,1555,553
3182,2008,6,24,4,1624,
3183,2006,8,35,3,1547,
3184,2011,12,52,1,1019,
3185,2008,12,52,2,1335,
3186,2013,2,8,3,1340,510
3187,2009,7,31,1,1463,
3188,2013,5,18,4,1458,585
3189,2007,11,47,3,1480,
3190,2010,3,13,2,1128,
3191,2014,6,25,7,1261,477
3192,2006,6,23,7,1257,
3193,2011,9,36,2,1252,
3194,2009,9,39,1,1502,
3195,2008,8,31,5,1590,
3196,2013,10,40,3,1598,647
3197,2014,1,2,5,1378,667
3198,2009,8,35,6,1311,
3199,2013,9,38,6,1416,546
3200,2014,2,9,1,1252,569
3201,2015,10,42,3,1489,658
3202,2008,8,33,3,1621,
3203,2006,11,45,4,1688,
3204,2006,3,9,6,1263,
3205,2007,5,18,6,1369,
3206,2015,5,20,2,1464,683
3207,2008,12,50,2,1536,
3208,2011,12,50,7,1014,
3209,2008,7,28,5,1620,
3210,2006,5,21,2,1739,
3211,2012,8,35,3,1544,550
3212,2008,10,40,6,1340,
3213,2015,2,6,7,1053,394
3214,2014,7,31,4,1532,626
3215,2014,10,40,4,1516,558
3216,2011,4,16,5,1339,
3217,2009,8,32,3,1655,
3218,2008,11,48,1,1408,
3219,2007,10,42,5,1608,
3220,2012,4,15,7,1256,
3221,2010,3,11,4,1612,
3222,2006,8,32,2,1762,
3223,2013,4,18,1,1339,597
3224,2011,9,37,1,1343,
3225,2015,4,16,3,1582,595
3226,2013,3,11,7,1175,426
3227,2013,4,16,7,1196,471
3228,2014,7,27,4,1484,740
3229,2013,8,35,6,1387,480
3230,2007,8,34,5,1560,
3231,2015,1,2,4,1035,573
3232,2011,5,21,5,1523,
3233,2013,5,22,4,1415,685
3234,2009,12,49,6,1237,
3235,2007,2,8,5,1329,
3236,2015,1,3,7,995,960
3237,2012,11,46,3,1394,625
3238,2015,7,28,6,1283,597
3239,2007,7,27,1,1554,
3240,2015,3,14,2,1257,628
3241,2015,11,45,3,1565,672
3242,2009,1,1,5,1370,
3243,2013,1,5,3,1394,497
3244,2013,8,32,1,1360,544
3245,2015,5,21,1,1493,566
3246,2007,10,44,1,1442,
3247,2014,11,47,2,1254,711
3248,2009,10,42,3,1616,
3249,2010,11,45,2,1463,
3250,2014,5,22,3,1549,538
3251,2006,2,5,3,1562,
3252,2008,10,41,1,1421,
3253,2012,7,27,2,1547,664
3254,2012,5,20,5,1584,
3255,2009,1,4,4,1485,
3256,2010,6,22,6,1418,
3257,2012,5,19,6,1395,
3258,2009,7,30,2,1518,
3259,2011,11,46,2,1474,
3260,2011,7,27,5,1475,
3261,2011,11,45,5,1344,
3262,2011,5,19,5,1591,
3263,2006,5,21,6,1336,
3264,2007,8,32,1,1578,
3265,2007,7,27,5,1518,
3266,2009,9,38,6,1392,
3267,2006,8,33,5,1545,
3268,2009,5,21,7,1165,
3269,2007,7,29,7,1423,
3270,2014,11,47,6,1286,511
3271,2014,2,8,2,1271,518
3272,2009,8,31,6,1367,
3273,2015,2,6,3,1270,585
3274,2007,11,45,5,1535,
3275,2011,3,9,5,1442,
3276,2010,6,25,3,1574,
3277,2006,10,41,6,1304,
3278,2011,1,1,6,1081,
3279,2012,9,39,5,1470,703
3280,2010,12,51,2,1356,
3281,2014,12,49,4,1202,606
3282,2015,1,5,6,1062,526
3283,2010,1,3,5,1606,
3284,2012,4,15,6,1203,
3285,2010,1,3,3,1621,
3286,2008,3,10,4,1568,
3287,2009,10,44,2,1456,
3288,2015,3,11,2,1397,584
3289,2014,8,33,2,1517,491
3290,2015,6,25,7,1210,620
3291,2011,10,42,4,1563,
3292,2006,12,49,6,1272,
3293,2009,2,8,6,1318,
3294,2015,4,16,2,1387,541
3295,2013,3,11,6,1248,521
3296,2009,9,36,5,1503,
3297,2014,12,52,3,851,519
3298,2007,8,34,4,1640,
3299,2014,12,52,5,978,446
3300,2013,10,43,3,1457,558
3301,2012,10,40,7,1183,481
3302,2014,4,17,2,1429,459
3303,2012,10,40,1,1327,555
3304,2009,11,45,2,1367,
3305,2009,12,49,7,1097,
3306,2007,2,8,4,1415,
3307,2006,4,14,5,1559,
3308,2015,1,3,6,1157,495
3309,2011,8,32,2,1414,
3310,2006,1,1,5,1563,
3311,2012,3,11,5,1414,
3312,2012,8,33,6,1326,540
3313,2007,12,50,2,1585,
3314,2011,8,34,4,1513,
3315,2014,1,3,5,1487,589
3316,2009,4,16,6,1348,
3317,2006,11,44,6,1287,
3318,2010,7,28,4,1578,
3319,2008,11,45,1,1375,
3320,2014,5,22,2,1540,645
3321,2010,2,6,1,1239,
3322,2007,7,30,1,1412,
3323,2014,5,20,2,1552,560
3324,2009,1,4,5,1497,
3325,2009,5,22,5,1573,
3326,2011,11,46,3,1355,
3327,2010,9,35,7,1332,
3328,2008,11,47,5,1569,
3329,2006,7,28,4,1684,
3330,2009,5,21,6,1400,
3331,2008,10,44,1,1539,
3332,2014,6,23,2,1495,663
3333,2013,10,41,1,1424,618
3334,2014,11,47,7,1204,425
3335,2015,10,43,1,1293,667
3336,2007,9,38,1,1536,
3337,2015,9,39,6,1320,557
3338,2008,1,5,3,1454,
3339,2013,11,48,1,1338,710
3340,2011,3,12,5,1484,
3341,2013,10,42,6,1304,471
3342,2012,11,45,1,1083,479
3343,2012,10,41,2,1489,570
3344,2009,11,46,3,1477,
3345,2008,11,47,3,1538,
3346,2013,3,12,5,1328,604
3347,2014,8,33,4,1617,625
3348,2015,10,40,6,1124,556
3349,2008,10,43,4,1489,
3350,2006,4,13,6,1359,
3351,2008,8,35,4,1622,
3352,2013,12,50,4,1290,648
3353,2015,7,29,4,1558,686
3354,2015,10,44,6,1262,357
3355,2006,11,47,5,1319,
3356,2011,1,3,6,1184,
3357,2015,1,4,5,1334,598
3358,2012,4,14,1,1453,
3359,2011,5,20,3,1480,
3360,2010,2,7,2,1120,
3361,2015,3,10,1,1160,650
3362,2006,3,12,2,1621,
3363,2012,9,36,6,1388,598
3364,2006,9,39,1,1759,
3365,2015,6,26,2,1512,702
3366,2013,1,1,6,1267,389
3367,2015,2,7,1,1084,547
3368,2007,3,10,7,1178,
3369,2015,4,17,1,1221,630
3370,2013,3,10,1,1175,597
3371,2009,2,9,3,1533,
3372,2015,4,17,7,1210,477
3373,2010,12,50,1,1316,
3374,2015,4,15,5,1225,486
3375,2009,5,18,5,1518,
3376,2013,6,24,6,1430,596
3377,2013,12,52,2,1129,515
3378,2006,1,2,6,1306,
3379,2007,4,16,4,1683,
3380,2014,11,46,4,1269,696
3381,2013,2,5,5,1440,574
3382,2012,11,47,1,1317,585
3383,2008,3,13,1,1399,
3384,2015,4,18,4,1474,640
3385,2012,11,47,7,997,415
3386,2007,9,39,2,1753,
3387,2015,6,23,5,1448,691
3388,2007,12,51,7,1230,
3389,2011,8,35,1,1328,
3390,2010,7,29,5,1463,
3391,2015,6,23,3,1439,658
3392,2015,5,20,7,1213,543
3393,2010,7,29,3,1545,
3394,2011,9,37,4,1382,
3395,2006,4,17,4,1588,
3396,2006,6,26,5,1395,
3397,2015,11,46,3,1390,530
3398,2006,9,38,6,1428,
3399,2011,8,33,1,1453,
3400,2006,12,50,5,1550,
3401,2010,10,43,6,1253,
3402,2014,5,20,4,1483,659
3403,2012,12,51,6,1185,542
3404,2007,7,28,7,1271,
3405,2009,10,44,4,1473,
3406,2011,6,22,6,1435,
3407,2007,7,28,1,1505,
3408,2015,3,11,4,1403,586
3409,2011,2,7,7,1049,
3410,2011,8,33,7,1289,
3411,2013,4,14,6,1238,531
3412,2009,8,34,4,1639,
3413,2011,11,44,5,1458,
3414,2009,4,14,4,1485,
3415,2009,12,52,4,960,
3416,2014,2,7,2,1263,636
3417,2014,2,7,4,898,447
3418,2013,11,44,5,1581,710
3419,2007,3,11,2,1605,
3420,2015,8,32,6,1408,545
3421,2009,11,48,1,1426,
3422,2015,11,46,5,1353,677
3423,2015,9,38,3,1448,747
3424,2013,11,47,6,1415,535
3425,2009,5,19,6,1436,
3426,2008,3,12,2,1532,
3427,2008,9,36,2,1583,
3428,2007,7,27,4,1702,
3429,2015,11,45,6,1314,499
3430,2007,5,19,4,1635,
3431,2008,10,42,7,1218,
3432,2011,8,34,2,1597,
3433,2012,9,37,3,1571,650
3434,2008,6,24,5,1659,
3435,2015,10,41,3,1505,668
3436,2010,2,6,7,941,
3437,2006,9,37,5,1437,
3438,2006,10,43,6,1288,
3439,2012,5,19,3,1568,
3440,2010,5,21,1,1510,
3441,2010,12,49,2,1390,
3442,2015,2,5,7,991,361
3443,2012,11,46,2,1273,648
3444,2015,6,27,1,1383,662
3445,2014,8,35,2,1480,608
3446,2006,12,51,6,1286,
3447,2006,5,21,3,1615,
3448,2011,2,9,1,1279,
3449,2012,6,22,5,1535,
3450,2013,3,9,6,1254,474
3451,2010,1,2,2,1447,
3452,2012,12,52,5,1314,557
3453,2009,6,25,7,1124,
3454,2007,7,29,2,1706,
3455,2012,12,52,3,1060,531
3456,2012,10,42,7,1209,426
3457,2013,6,25,3,1473,622
3458,2012,3,11,3,1562,
3459,2006,1,3,3,1522,
3460,2015,1,1,6,931,456
3461,2015,8,35,5,1522,609
3462,2013,2,8,6,1250,521
3463,2010,5,18,4,1639,
3464,2007,9,38,7,1485,
3465,2009,3,11,6,1359,
3466,2015,5,19,2,1411,637
3467,2014,3,11,3,1399,515
3468,2013,2,7,3,1432,568
3469,2011,11,48,1,1446,
3470,2009,10,40,4,1486,
3471,2006,6,25,2,1820,
3472,2007,6,23,5,1542,
3473,2012,3,10,2,1487,
3474,2007,6,23,3,1737,
3475,2013,1,2,5,1384,660
3476,2006,11,47,3,1416,
3477,2011,9,36,7,1142,
3478,2015,8,33,1,1447,611
3479,2006,10,40,5,1543,
3480,2009,3,14,1,1444,
3481,2010,10,42,1,1424,
3482,2011,2,8,2,1335,
3483,2014,11,48,6,1145,394
3484,2014,5,21,1,1395,572
3485,2012,12,50,3,1411,549
3486,2006,12,52,1,706,
3487,2014,6,22,7,1212,603
3488,2010,12,49,4,1295,
3489,2006,7,27,1,1430,
3490,2010,5,20,2,1367,
3491,2006,3,12,4,1631,
3492,2014,8,32,3,1505,562
3493,2014,2,6,5,1389,675
3494,2014,8,32,5,1518,601
3495,2009,12,53,1,1332,
3496,2010,7,30,2,1526,
3497,2009,6,23,1,1446,
3498,2015,2,9,1,1155,574
3499,2007,3,10,1,1394,
3500,2007,1,2,7,1243,
3501,2006,6,23,2,1599,
3502,2015,4,15,3,1378,457
3503,2015,9,37,6,1364,554
3504,2012,6,23,6,1370,
3505,2011,12,49,7,1055,
3506,2013,10,40,6,1455,497
3507,2012,10,43,2,1491,522
3508,2013,11,46,3,1455,592
3509,2015,10,42,6,1202,565
3510,2015,4,18,2,1383,613
3511,2006,4,15,6,1305,
3512,2013,8,33,7,1328,442
3513,2007,7,26,7,1329,
3514,2008,1,4,2,1503,
3515,2006,11,45,1,1617,
3516,2009,3,12,5,1505,
3517,2010,10,40,5,1489,
3518,2009,3,12,3,1575,
3519,2013,3,13,6,1221,513
3520,2009,11,47,2,1646,
3521,2010,10,40,3,1679,
3522,2008,11,46,2,1379,
3523,2009,11,47,4,1556,
3524,2006,6,26,3,1729,
3525,2010,2,5,4,1402,
3526,2010,2,5,2,1453,
3527,2010,1,53,7,994,
3528,2015,2,6,2,993,740
3529,2007,5,21,2,1712,
3530,2014,8,34,1,1434,595
3531,2006,11,46,6,1293,
3532,2013,1,3,6,1262,484
3533,2010,3,9,7,1209,
3534,2006,1,4,6,1299,
3535,2008,4,15,4,1576,
3536,2012,8,31,6,1384,567
3537,2012,9,38,6,1475,547
3538,2009,5,20,1,1445,
3539,2015,1,2,1,1152,498
3540,2011,1,4,5,1207,
3541,2014,4,18,1,1304,597
3542,2015,6,25,1,1427,506
3543,2014,6,26,7,1235,537
3544,2011,1,4,3,1161,
3545,2009,12,52,2,1344,
3546,2015,2,8,2,1117,620
3547,2010,8,31,2,1446,
3548,2007,9,37,4,1624,
3549,2007,3,11,4,1568,
3550,2007,12,49,1,1388,
3551,2007,9,37,2,1525,
3552,2007,12,49,7,1166,
3553,2010,12,48,3,1319,
3554,2015,4,14,6,1218,507
3555,2013,10,43,5,1428,647
3556,2009,3,10,3,1378,
3557,2015,5,18,7,1153,555
3558,2013,9,39,4,1514,516
3559,2009,11,48,7,1224,
3560,2015,10,41,5,1406,764
3561,2011,1,2,3,1044,
3562,2006,6,24,1,1701,
3563,2013,7,27,6,1304,517
3564,2013,2,9,1,1262,490
3565,2008,9,36,4,1612,
3566,2007,12,50,4,1318,
3567,2010,12,48,5,1396,
3568,2014,1,1,3,1501,399
3569,2012,1,3,1,1073,
3570,2013,8,32,4,1458,549
3571,2010,7,28,2,1433,
3572,2015,5,21,4,1438,615
3573,2009,3,13,6,1364,
3574,2012,4,16,3,1553,
3575,2010,10,41,6,1388,
3576,2009,4,17,5,1579,
3577,2012,12,49,6,1253,580
3578,2007,7,30,7,1326,
3579,2006,3,13,5,1460,
3580,2013,7,30,1,1498,591
3581,2006,9,37,3,1671,
3582,2006,3,13,3,1532,
3583,2007,5,22,3,1698,
3584,2009,5,22,3,1533,
3585,2006,10,42,3,1683,
3586,2015,11,48,5,1240,480
3587,2012,1,4,4,1485,
3588,2010,1,2,4,1564,
3589,2009,9,38,3,1619,
3590,2008,12,1,2,1367,
3591,2012,10,42,1,1374,607
3592,2013,11,45,6,1416,571
3593,2014,2,8,3,1226,552
3594,2015,8,35,3,1562,606
3595,2015,11,47,6,1232,597
3596,2012,1,1,5,1457,
3597,2006,4,14,3,1614,
3598,2012,1,1,3,1276,
3599,2013,6,26,6,1382,591
3600,2009,11,46,5,1491,
3601,2008,7,29,3,1632,
3602,2008,9,39,1,1549,
3603,2012,11,45,7,1066,526
3604,2013,7,28,5,1453,599
3605,2012,8,34,1,1490,473
3606,2006,6,22,7,1323,
3607,2011,2,8,4,1328,
3608,2013,7,28,3,1523,614
3609,2007,6,25,3,1697,
3610,2012,3,10,4,1558,
3611,2012,1,2,2,1556,
3612,2007,5,20,1,1684,
3613,2015,2,7,7,965,453
3614,2012,11,44,4,994,439
3615,2014,5,21,7,1177,472
3616,2015,3,10,7,1032,464
3617,2008,6,23,2,1725,
3618,2013,4,15,1,1281,582
3619,2007,7,31,2,1783,
3620,2015,9,36,5,1532,643
3621,2006,9,36,6,1399,
3622,2008,12,52,3,936,
3623,2014,2,6,3,1105,468
3624,2009,9,40,3,1522,
3625,2009,6,23,7,1236,
3626,2015,6,24,4,1486,666
3627,2007,9,36,1,1160,
3628,2010,1,1,1,1271,
3629,2007,9,36,7,1445,
3630,2008,9,40,2,1540,
3631,2015,6,24,2,1433,652
3632,2011,6,23,3,1562,
3633,2014,4,16,7,1008,393
3634,2014,4,16,1,1238,513
3635,2012,10,43,4,1476,511
3636,2008,9,37,5,1547,
3637,2013,9,38,7,1294,585
3638,2012,8,32,5,1486,617
3639,2008,9,37,3,1639,
3640,2012,8,32,3,1661,528
3641,2015,8,34,6,1424,581
3642,2009,4,17,3,1557,
3643,2007,12,51,1,1398,
3644,2008,1,4,4,1498,
3645,2013,1,4,1,1115,355
3646,2007,8,31,3,1747,
3647,2007,2,6,4,1448,
3648,2008,11,46,4,1372,
3649,2008,9,38,2,1633,
3650,2008,6,26,3,1672,
3651,2013,7,29,6,1409,551